"Period","Coupon Code","Number of Uses","Sales Total Amount (USD)","Delivered Orders","Delivered Orders Revenue (USD)","Delivered First Orders","Delivered First Orders Revenue (USD)","Delivered Retention Orders","Delivered Retention Orders Revenue (USD)"
"13 Oct 2025","fxn","4","399.33","0","0.00","0","0.00","0","0.00"
"12 Oct 2025","fxn","14","2347.30","0","0.00","0","0.00","0","0.00"
"12 Oct 2025","dd22","1","250.46","0","0.00","0","0.00","0","0.00"
"12 Oct 2025","dd77","1","108.16","0","0.00","0","0.00","0","0.00"
"12 Oct 2025","fuj","1","47.70","0","0.00","0","0.00","0","0.00"
"12 Oct 2025","ost","1","116.76","0","0.00","0","0.00","0","0.00"
"12 Oct 2025","tnmw","1","105.94","0","0.00","0","0.00","0","0.00"
"12 Oct 2025","cnl","1","159.77","0","0.00","0","0.00","0","0.00"
