"Period","Coupon Code","Number of Uses","Sales Total Amount (USD)","Delivered Orders","Delivered Orders Revenue (USD)","Delivered First Orders","Delivered First Orders Revenue (USD)","Delivered Retention Orders","Delivered Retention Orders Revenue (USD)"
"06 Oct 2025","fxn","2","163.28","0","0.00","0","0.00","0","0.00"
"06 Oct 2025","dzd","1","19.07","0","0.00","0","0.00","0","0.00"
"06 Oct 2025","fuj","1","198.04","0","0.00","0","0.00","0","0.00"
"06 Oct 2025","jdd2","1","80.98","0","0.00","0","0.00","0","0.00"
"05 Oct 2025","fxn","5","449.49","0","0.00","0","0.00","0","0.00"
"05 Oct 2025","dd22","2","166.26","0","0.00","0","0.00","0","0.00"
