"Period","Coupon Code","Number of Uses","Sales Total Amount (USD)","Delivered Orders","Delivered Orders Revenue (USD)","Delivered First Orders","Delivered First Orders Revenue (USD)","Delivered Retention Orders","Delivered Retention Orders Revenue (USD)"
"25 Sep 2025","fxn","1","76.12","0","0.00","0","0.00","0","0.00"
"24 Sep 2025","fxn","4","307.04","0","0.00","0","0.00","0","0.00"
"24 Sep 2025","df5","3","362.99","0","0.00","0","0.00","0","0.00"
"24 Sep 2025","ost","1","126.94","0","0.00","0","0.00","0","0.00"
"24 Sep 2025","tnmw","1","68.22","0","0.00","0","0.00","0","0.00"
