"Period","Coupon Code","Number of Uses","Sales Total Amount (USD)","Delivered Orders","Delivered Orders Revenue (USD)","Delivered First Orders","Delivered First Orders Revenue (USD)","Delivered Retention Orders","Delivered Retention Orders Revenue (USD)"
"26 Aug 2025","fxn","1","77.07","0","0.00","0","0.00","0","0.00"
"25 Aug 2025","fxn","4","288.68","0","0.00","0","0.00","0","0.00"
"25 Aug 2025","df1","2","403.39","0","0.00","0","0.00","0","0.00"
"25 Aug 2025","zg32","1","209.01","0","0.00","0","0.00","0","0.00"
"25 Aug 2025","df5","1","72.98","0","0.00","0","0.00","0","0.00"
"25 Aug 2025","ck","1","127.17","0","0.00","0","0.00","0","0.00"
"25 Aug 2025","fuj","1","25.82","0","0.00","0","0.00","0","0.00"
