"Period","Coupon Code","Number of Uses","Sales Total Amount (USD)","Delivered Orders","Delivered Orders Revenue (USD)","Delivered First Orders","Delivered First Orders Revenue (USD)","Delivered Retention Orders","Delivered Retention Orders Revenue (USD)"
"19 Sep 2025","fxn","2","97.63","0","0.00","0","0.00","0","0.00"
"19 Sep 2025","fuj","1","124.31","0","0.00","0","0.00","0","0.00"
"19 Sep 2025","df5","1","29.13","0","0.00","0","0.00","0","0.00"
"18 Sep 2025","fxn","4","300.09","0","0.00","0","0.00","0","0.00"
"18 Sep 2025","ost","3","168.44","0","0.00","0","0.00","0","0.00"
"18 Sep 2025","df5","1","273.92","0","0.00","0","0.00","0","0.00"
"18 Sep 2025","qqq","1","49.01","0","0.00","0","0.00","0","0.00"
