"Period","Coupon Code","Number of Uses","Sales Total Amount (USD)","Delivered Orders","Delivered Orders Revenue (USD)","Delivered First Orders","Delivered First Orders Revenue (USD)","Delivered Retention Orders","Delivered Retention Orders Revenue (USD)"
"01 Sep 2025","fuj","2","417.21","0","0.00","0","0.00","0","0.00"
"01 Sep 2025","fxn","2","121.80","0","0.00","0","0.00","0","0.00"
"31 Aug 2025","fxn","6","382.76","0","0.00","0","0.00","0","0.00"
"31 Aug 2025","fuj","3","508.83","0","0.00","0","0.00","0","0.00"
"31 Aug 2025","ck","1","60.83","0","0.00","0","0.00","0","0.00"
"31 Aug 2025","tnmw","1","120.43","0","0.00","0","0.00","0","0.00"
