"Period","Coupon Code","Number of Uses","Sales Total Amount (USD)","Delivered Orders","Delivered Orders Revenue (USD)","Delivered First Orders","Delivered First Orders Revenue (USD)","Delivered Retention Orders","Delivered Retention Orders Revenue (USD)"
"24 Aug 2025","97c","1","105.29","0","0.00","0","0.00","0","0.00"
"24 Aug 2025","cnl","1","46.29","0","0.00","0","0.00","0","0.00"
"23 Aug 2025","fxn","2","141.38","0","0.00","0","0.00","0","0.00"
"23 Aug 2025","df5","1","230.00","0","0.00","0","0.00","0","0.00"
