"Period","Coupon Code","Number of Uses","Sales Total Amount (USD)","Delivered Orders","Delivered Orders Revenue (USD)","Delivered First Orders","Delivered First Orders Revenue (USD)","Delivered Retention Orders","Delivered Retention Orders Revenue (USD)"
"07 Sep 2025","fxn","5","439.05","0","0.00","0","0.00","0","0.00"
"07 Sep 2025","fuj","2","328.88","0","0.00","0","0.00","0","0.00"
"07 Sep 2025","df5","1","48.57","0","0.00","0","0.00","0","0.00"
"07 Sep 2025","7a03","1","52.07","0","0.00","0","0.00","0","0.00"
"07 Sep 2025","dd44","1","40.71","0","0.00","0","0.00","0","0.00"
"07 Sep 2025","ost","1","104.40","0","0.00","0","0.00","0","0.00"
"07 Sep 2025","tnmw","1","43.98","0","0.00","0","0.00","0","0.00"
