"Period","Coupon Code","Number of Uses","Sales Total Amount (USD)","Delivered Orders","Delivered Orders Revenue (USD)","Delivered First Orders","Delivered First Orders Revenue (USD)","Delivered Retention Orders","Delivered Retention Orders Revenue (USD)"
"23 Sep 2025","fxn","5","438.64","0","0.00","0","0.00","0","0.00"
"23 Sep 2025","df5","4","401.19","0","0.00","0","0.00","0","0.00"
"23 Sep 2025","bna","1","15.42","0","0.00","0","0.00","0","0.00"
"23 Sep 2025","fuj","1","29.05","0","0.00","0","0.00","0","0.00"
