"Period","Coupon Code","Number of Uses","Sales Total Amount (USD)","Delivered Orders","Delivered Orders Revenue (USD)","Delivered First Orders","Delivered First Orders Revenue (USD)","Delivered Retention Orders","Delivered Retention Orders Revenue (USD)"
"21 Aug 2025","cnl","1","156.92","0","0.00","0","0.00","0","0.00"
"20 Aug 2025","fxn","7","616.23","0","0.00","0","0.00","0","0.00"
"20 Aug 2025","cnl","1","66.38","0","0.00","0","0.00","0","0.00"
"20 Aug 2025","fuj","1","81.34","0","0.00","0","0.00","0","0.00"
"20 Aug 2025","ost","1","28.82","0","0.00","0","0.00","0","0.00"
"20 Aug 2025","tnmw","1","33.51","0","0.00","0","0.00","0","0.00"
