"Period","Coupon Code","Number of Uses","Sales Total Amount (USD)","Delivered Orders","Delivered Orders Revenue (USD)","Delivered First Orders","Delivered First Orders Revenue (USD)","Delivered Retention Orders","Delivered Retention Orders Revenue (USD)"
"12 Sep 2025","df5","1","41.76","0","0.00","0","0.00","0","0.00"
"12 Sep 2025","fxn","1","54.29","0","0.00","0","0.00","0","0.00"
"11 Sep 2025","df5","2","74.68","0","0.00","0","0.00","0","0.00"
"11 Sep 2025","fxn","2","132.91","0","0.00","0","0.00","0","0.00"
"11 Sep 2025","dd44","1","67.36","0","0.00","0","0.00","0","0.00"
"11 Sep 2025","dzd","1","59.62","0","0.00","0","0.00","0","0.00"
