"Period","Coupon Code","Number of Uses","Sales Total Amount (USD)","Delivered Orders","Delivered Orders Revenue (USD)","Delivered First Orders","Delivered First Orders Revenue (USD)","Delivered Retention Orders","Delivered Retention Orders Revenue (USD)"
"28 Sep 2025","piv","1","135.52","0","0.00","0","0.00","0","0.00"
"27 Sep 2025","cnl","2","169.73","0","0.00","0","0.00","0","0.00"
"27 Sep 2025","dd22","2","388.40","0","0.00","0","0.00","0","0.00"
"27 Sep 2025","fxn","2","169.30","0","0.00","0","0.00","0","0.00"
"27 Sep 2025","ost","2","328.42","0","0.00","0","0.00","0","0.00"
"27 Sep 2025","tnmw","2","83.77","0","0.00","0","0.00","0","0.00"
"27 Sep 2025","piv","1","56.55","0","0.00","0","0.00","0","0.00"
"27 Sep 2025","df5","1","117.70","0","0.00","0","0.00","0","0.00"
