"Period","Coupon Code","Number of Uses","Sales Total Amount (USD)","Delivered Orders","Delivered Orders Revenue (USD)","Delivered First Orders","Delivered First Orders Revenue (USD)","Delivered Retention Orders","Delivered Retention Orders Revenue (USD)"
"13 Jul 2025","fxn","6","510.18","0","0.00","0","0.00","0","0.00"
"13 Jul 2025","dd","1","357.77","0","0.00","0","0.00","0","0.00"
"13 Jul 2025","df5","1","57.74","0","0.00","0","0.00","0","0.00"
"13 Jul 2025","4dg","1","228.90","0","0.00","0","0.00","0","0.00"
"13 Jul 2025","ost","1","138.50","0","0.00","0","0.00","0","0.00"
"13 Jul 2025","qqq","1","85.86","0","0.00","0","0.00","0","0.00"
"13 Jul 2025","vv","1","69.14","0","0.00","0","0.00","0","0.00"
