"Period","Coupon Code","Number of Uses","Sales Total Amount (USD)","Delivered Orders","Delivered Orders Revenue (USD)","Delivered First Orders","Delivered First Orders Revenue (USD)","Delivered Retention Orders","Delivered Retention Orders Revenue (USD)"
"26 Aug 2025","fuj","3","355.58","0","0.00","0","0.00","0","0.00"
"26 Aug 2025","fxn","1","112.80","0","0.00","0","0.00","0","0.00"
"26 Aug 2025","qqq","1","95.10","0","0.00","0","0.00","0","0.00"
"26 Aug 2025","dd44","1","61.72","0","0.00","0","0.00","0","0.00"
"25 Aug 2025","fxn","16","2068.58","0","0.00","0","0.00","0","0.00"
"25 Aug 2025","ost","3","258.83","0","0.00","0","0.00","0","0.00"
"25 Aug 2025","fuj","2","301.39","0","0.00","0","0.00","0","0.00"
"25 Aug 2025","cnl","2","256.96","0","0.00","0","0.00","0","0.00"
