"Period","Coupon Code","Number of Uses","Sales Total Amount (USD)","Delivered Orders","Delivered Orders Revenue (USD)","Delivered First Orders","Delivered First Orders Revenue (USD)","Delivered Retention Orders","Delivered Retention Orders Revenue (USD)"
"30 Aug 2025","fxn","8","903.16","0","0.00","0","0.00","0","0.00"
"30 Aug 2025","df5","4","258.60","0","0.00","0","0.00","0","0.00"
"30 Aug 2025","df2","2","186.07","0","0.00","0","0.00","0","0.00"
"30 Aug 2025","fuj","1","136.93","0","0.00","0","0.00","0","0.00"
"29 Aug 2025","fxn","5","532.63","0","0.00","0","0.00","0","0.00"
"29 Aug 2025","df5","4","407.96","0","0.00","0","0.00","0","0.00"
"29 Aug 2025","dd44","2","112.44","0","0.00","0","0.00","0","0.00"
"29 Aug 2025","ost","1","102.24","0","0.00","0","0.00","0","0.00"
