"Period","Coupon Code","Number of Uses","Sales Total Amount (USD)","Delivered Orders","Delivered Orders Revenue (USD)","Delivered First Orders","Delivered First Orders Revenue (USD)","Delivered Retention Orders","Delivered Retention Orders Revenue (USD)"
"21 Sep 2025","fxn","2","138.74","0","0.00","0","0.00","0","0.00"
"21 Sep 2025","ost","1","65.87","0","0.00","0","0.00","0","0.00"
"20 Sep 2025","fxn","6","658.58","0","0.00","0","0.00","0","0.00"
"20 Sep 2025","zg32","1","33.45","0","0.00","0","0.00","0","0.00"
"20 Sep 2025","dd44","1","50.23","0","0.00","0","0.00","0","0.00"
"20 Sep 2025","97c","1","52.07","0","0.00","0","0.00","0","0.00"
"20 Sep 2025","fbp","1","51.20","0","0.00","0","0.00","0","0.00"
