"Period","Coupon Code","Number of Uses","Sales Total Amount (USD)","Delivered Orders","Delivered Orders Revenue (USD)","Delivered First Orders","Delivered First Orders Revenue (USD)","Delivered Retention Orders","Delivered Retention Orders Revenue (USD)"
"11 Sep 2025","fxn","15","1230.06","0","0.00","0","0.00","0","0.00"
"11 Sep 2025","ost","4","304.75","0","0.00","0","0.00","0","0.00"
"11 Sep 2025","df5","3","664.29","0","0.00","0","0.00","0","0.00"
"11 Sep 2025","cnl","2","199.40","0","0.00","0","0.00","0","0.00"
"11 Sep 2025","df2","2","85.82","0","0.00","0","0.00","0","0.00"
"11 Sep 2025","fuj","2","408.58","0","0.00","0","0.00","0","0.00"
"11 Sep 2025","qqq","1","90.93","0","0.00","0","0.00","0","0.00"
"11 Sep 2025","tnmw","1","64.87","0","0.00","0","0.00","0","0.00"
