"Period","Coupon Code","Number of Uses","Sales Total Amount (USD)","Delivered Orders","Delivered Orders Revenue (USD)","Delivered First Orders","Delivered First Orders Revenue (USD)","Delivered Retention Orders","Delivered Retention Orders Revenue (USD)"
"29 Oct 2025","fxn","2","129.70","0","0.00","0","0.00","0","0.00"
"29 Oct 2025","fuj","1","18.77","0","0.00","0","0.00","0","0.00"
"29 Oct 2025","df5","1","96.37","0","0.00","0","0.00","0","0.00"
"28 Oct 2025","fxn","4","186.87","0","0.00","0","0.00","0","0.00"
"28 Oct 2025","fuj","3","301.80","0","0.00","0","0.00","0","0.00"
"28 Oct 2025","cnl","2","197.66","0","0.00","0","0.00","0","0.00"
"28 Oct 2025","df5","1","79.77","0","0.00","0","0.00","0","0.00"
