"Period","Coupon Code","Number of Uses","Sales Total Amount (USD)","Delivered Orders","Delivered Orders Revenue (USD)","Delivered First Orders","Delivered First Orders Revenue (USD)","Delivered Retention Orders","Delivered Retention Orders Revenue (USD)"
"12 Oct 2025","cnl","1","40.31","0","0.00","0","0.00","0","0.00"
"12 Oct 2025","fuj","1","157.39","0","0.00","0","0.00","0","0.00"
"12 Oct 2025","fxn","1","93.25","0","0.00","0","0.00","0","0.00"
"12 Oct 2025","va6","1","26.38","0","0.00","0","0.00","0","0.00"
