"Period","Coupon Code","Number of Uses","Sales Total Amount (USD)","Delivered Orders","Delivered Orders Revenue (USD)","Delivered First Orders","Delivered First Orders Revenue (USD)","Delivered Retention Orders","Delivered Retention Orders Revenue (USD)"
"09 Sep 2025","fxn","4","427.83","0","0.00","0","0.00","0","0.00"
"08 Sep 2025","fxn","4","376.48","0","0.00","0","0.00","0","0.00"
"08 Sep 2025","fuj","3","745.03","0","0.00","0","0.00","0","0.00"
"08 Sep 2025","dd22","1","85.74","0","0.00","0","0.00","0","0.00"
"08 Sep 2025","df1","1","117.52","0","0.00","0","0.00","0","0.00"
