"Period","Coupon Code","Number of Uses","Sales Total Amount (USD)","Delivered Orders","Delivered Orders Revenue (USD)","Delivered First Orders","Delivered First Orders Revenue (USD)","Delivered Retention Orders","Delivered Retention Orders Revenue (USD)"
"13 Sep 2025","fuj","2","114.24","0","0.00","0","0.00","0","0.00"
"13 Sep 2025","dd44","1","103.28","0","0.00","0","0.00","0","0.00"
"13 Sep 2025","fxn","1","69.77","0","0.00","0","0.00","0","0.00"
"12 Sep 2025","fxn","6","635.18","0","0.00","0","0.00","0","0.00"
"12 Sep 2025","df5","3","144.28","0","0.00","0","0.00","0","0.00"
"12 Sep 2025","ccz2","1","98.39","0","0.00","0","0.00","0","0.00"
"12 Sep 2025","ost","1","145.79","0","0.00","0","0.00","0","0.00"
"12 Sep 2025","tnmw","1","238.69","0","0.00","0","0.00","0","0.00"
