id,offer name,code,date,order id,payout,revenue,sale amount,matched or not
14465,6th Street,wala2025,2025-10-01,2104077,3.58,2.98,59.67,matched
14465,6th Street,wala2025,2025-10-01,2104111,1.91,3.19,31.88,not matched
14465,6th Street,wala2025,2025-10-01,2104123,1.24,1.04,20.71,matched
14465,6th Street,wala2025,2025-10-01,2104124,1.24,1.04,20.71,matched
14465,6th Street,wala2025,2025-10-01,2104125,1.24,1.04,20.71,matched
14465,6th Street,wala2025,2025-10-02,2105738,1.38,1.15,22.96,matched
14465,6th Street,wala2025,2025-10-02,2105739,1.38,1.15,22.96,matched
14465,6th Street,wala2025,2025-10-02,2105740,1.38,1.15,22.96,matched
14465,6th Street,wala2025,2025-10-02,2105741,1.38,1.15,22.96,matched
14465,6th Street,wala2025,2025-10-02,2105836,2.6,2.17,43.32,matched
14465,6th Street,wala2025,2025-10-04,2108896,2.73,2.28,45.5,matched
14465,6th Street,wala2025,2025-10-04,2108953,2.99,2.49,49.86,matched
14465,6th Street,wala2025,2025-10-04,2108954,2.99,2.49,49.86,matched
14465,6th Street,wala2025,2025-10-04,2109097,0.91,0.76,15.2,matched
14465,6th Street,wala2025,2025-10-04,2109098,0.91,0.76,15.2,matched
14465,6th Street,wala2025,2025-10-04,2109099,0.91,0.76,15.2,matched
14465,6th Street,wala2025,2025-10-04,2109100,0.91,0.76,15.2,matched
14465,6th Street,wala2025,2025-10-04,2109101,0.91,0.76,15.2,matched
14465,6th Street,wala2025,2025-10-05,2114949,7.32,6.1,122.07,matched
14465,6th Street,wala2025,2025-10-06,2116697,2.29,1.91,38.15,matched
14465,6th Street,wala2025,2025-10-06,2116760,2.81,2.34,46.78,matched
14465,6th Street,wala2025,2025-10-06,2116761,2.81,2.34,46.78,matched
14465,6th Street,wala2025,2025-10-06,2116762,2.81,2.34,46.78,matched
14465,6th Street,wala2025,2025-10-06,2116814,2.59,4.31,43.11,not matched
14465,6th Street,wala2025,2025-10-06,2116815,2.59,4.31,43.11,not matched
14465,6th Street,wala2025,2025-10-06,2116816,2.59,4.31,43.11,not matched
14465,6th Street,wala2025,2025-10-06,2116817,2.59,4.31,43.11,not matched
14465,6th Street,wala2025,2025-10-06,2116818,2.59,4.31,43.11,not matched
14465,6th Street,wala2025,2025-10-06,2116819,4.3,3.58,71.66,matched
14465,6th Street,wala2025,2025-10-07,2122859,3.69,6.16,61.58,not matched
14465,6th Street,wala2025,2025-10-07,2122950,6.16,10.27,102.72,not matched
14465,6th Street,wala2025,2025-10-07,2122965,4.3,3.58,71.66,matched
14465,6th Street,wala2025,2025-10-08,2120546,2.14,1.78,35.69,matched
14465,6th Street,wala2025,2025-10-08,2120598,7.32,6.1,122.07,matched
14465,6th Street,wala2025,2025-10-08,2120599,7.32,6.1,122.07,matched
14465,6th Street,wala2025,2025-10-08,2120600,8.82,7.35,147.07,matched
14465,6th Street,wala2025,2025-10-08,2120601,8.82,7.35,147.07,matched
14465,6th Street,wala2025,2025-10-08,2120602,8.82,7.35,147.07,matched
14465,6th Street,wala2025,2025-10-08,2120603,8.82,7.35,147.07,matched
14465,6th Street,wala2025,2025-10-09,2123349,0.46,0.38,7.63,not matched
14465,6th Street,wala2025,2025-10-09,2123350,0.46,0.38,7.63,not matched
14465,6th Street,wala2025,2025-10-09,2123351,0.46,0.38,7.63,not matched
14465,6th Street,wala2025,2025-10-09,2123352,0.46,0.38,7.63,not matched
14465,6th Street,wala2025,2025-10-09,2123354,1.6,2.67,26.7,not matched
14465,6th Street,wala2025,2025-10-09,2123480,3.83,3.19,63.9,matched
14465,6th Street,wala2025,2025-10-09,2123481,3.83,3.19,63.9,matched
14465,6th Street,wala2025,2025-10-09,2123482,3.83,3.19,63.9,matched
14465,6th Street,wala2025,2025-10-09,2123483,3.83,3.19,63.9,matched
14465,6th Street,wala2025,2025-10-10,2125648,0.76,0.64,12.72,not matched
14465,6th Street,wala2025,2025-10-10,2125649,0.76,0.64,12.72,not matched
14465,6th Street,wala2025,2025-10-10,2125650,0.76,0.64,12.72,not matched
14465,6th Street,wala2025,2025-10-10,2125665,6.65,5.54,110.9,matched
14465,6th Street,wala2025,2025-10-10,2125801,0.91,0.76,15.12,matched
14465,6th Street,wala2025,2025-10-10,2125802,0.91,0.76,15.12,matched
14465,6th Street,wala2025,2025-10-10,2125803,0.91,0.76,15.12,matched
14465,6th Street,wala2025,2025-10-10,2125804,0.91,0.76,15.12,matched
14465,6th Street,wala2025,2025-10-10,2125805,0.91,0.76,15.12,matched
14465,6th Street,wala2025,2025-10-10,2125806,0.91,0.76,15.12,matched
14465,6th Street,wala2025,2025-10-11,2127421,8.01,6.68,133.51,matched
14465,6th Street,wala2025,2025-10-11,2127439,0.67,0.56,11.17,matched
14465,6th Street,wala2025,2025-10-11,2127487,0.51,0.43,8.58,not matched
14465,6th Street,wala2025,2025-10-11,2127488,0.51,0.43,8.58,not matched
14465,6th Street,wala2025,2025-10-11,2127489,0.51,0.43,8.58,not matched
14465,6th Street,wala2025,2025-10-11,2127490,0.51,0.43,8.58,not matched
14465,6th Street,wala2025,2025-10-12,2128801,9.69,8.08,161.58,matched
14465,6th Street,wala2025,2025-10-12,2128802,5.11,4.26,85.2,matched
14465,6th Street,wala2025,2025-10-12,2128803,5.11,4.26,85.2,matched
14465,6th Street,wala2025,2025-10-12,2128804,5.11,4.26,85.2,matched
14465,6th Street,wala2025,2025-10-12,2128836,2.42,4.03,40.33,not matched
14465,6th Street,wala2025,2025-10-12,2128837,1.37,1.14,22.75,matched
14465,6th Street,wala2025,2025-10-12,2128838,1.37,1.14,22.75,matched
14465,6th Street,wala2025,2025-10-12,2128987,1.66,2.77,27.66,not matched
14465,6th Street,wala2025,2025-10-12,2128988,1.66,2.77,27.66,not matched
14465,6th Street,wala2025,2025-10-12,2129038,5.18,8.64,86.38,not matched
14465,6th Street,wala2025,2025-10-12,2129039,5.18,8.64,86.38,not matched
14465,6th Street,wala2025,2025-10-13,2130792,7.52,12.53,125.34,not matched
14465,6th Street,wala2025,2025-10-13,2130795,2.86,2.39,47.74,matched
14465,6th Street,wala2025,2025-10-13,2130796,2.86,2.39,47.74,matched
14465,6th Street,wala2025,2025-10-13,2130797,2.86,2.39,47.74,matched
14465,6th Street,wala2025,2025-10-13,2130798,2.86,2.39,47.74,matched
14465,6th Street,wala2025,2025-10-13,2130799,2.86,2.39,47.74,matched
14465,6th Street,wala2025,2025-10-13,2130858,6.54,5.45,108.99,matched
14465,6th Street,wala2025,2025-10-13,2130860,5.59,4.66,93.19,matched
14465,6th Street,wala2025,2025-10-13,2130880,5.75,4.8,95.91,matched
14465,6th Street,wala2025,2025-10-13,2130886,1.9,1.59,31.74,matched
14465,6th Street,wala2025,2025-10-13,2130887,1.9,1.59,31.74,matched
14465,6th Street,wala2025,2025-10-13,2130894,0.82,0.68,13.62,matched
14465,6th Street,wala2025,2025-10-13,2130895,0.82,0.68,13.62,matched
14465,6th Street,wala2025,2025-10-14,2132633,2.34,1.95,38.96,matched
14465,6th Street,wala2025,2025-10-14,2132771,1.81,1.51,30.19,matched
14465,6th Street,wala2025,2025-10-14,2132772,1.81,1.51,30.19,matched
14465,6th Street,wala2025,2025-10-14,2132773,1.81,1.51,30.19,matched
14465,6th Street,wala2025,2025-10-14,2132774,1.81,1.51,30.19,matched
14465,6th Street,wala2025,2025-10-14,2132775,1.81,1.51,30.19,matched
14465,6th Street,wala2025,2025-10-14,2132805,9.58,7.98,159.67,matched
14465,6th Street,wala2025,2025-10-17,2138294,13.34,11.12,222.34,matched
14465,6th Street,wala2025,2025-10-17,2138361,7.33,6.11,122.21,matched
14465,6th Street,wala2025,2025-10-17,2138362,7.33,6.11,122.21,matched
14465,6th Street,wala2025,2025-10-17,2138437,4.37,3.64,72.75,matched
14465,6th Street,wala2025,2025-10-17,2138438,4.37,3.64,72.75,matched
14465,6th Street,wala2025,2025-10-18,2140416,2.58,2.15,43.05,matched
14465,6th Street,wala2025,2025-10-18,2140425,3.38,2.81,56.27,matched
14465,6th Street,wala2025,2025-10-18,2140426,3.38,2.81,56.27,matched
14465,6th Street,wala2025,2025-10-18,2140427,3.38,2.81,56.27,matched
14465,6th Street,wala2025,2025-10-18,2140428,3.38,2.81,56.27,matched
14465,6th Street,wala2025,2025-10-18,2140446,3.02,5.04,50.41,not matched
14465,6th Street,wala2025,2025-10-18,2140447,3.02,5.04,50.41,not matched
14465,6th Street,wala2025,2025-10-18,2140484,2.58,2.15,42.96,matched
14465,6th Street,wala2025,2025-10-18,2140485,2.58,2.15,42.96,matched
14465,6th Street,wala2025,2025-10-18,2140486,2.58,2.15,42.96,matched
14465,6th Street,wala2025,2025-10-18,2140546,4.07,3.39,67.85,matched
14465,6th Street,wala2025,2025-10-18,2140547,4.07,3.39,67.85,matched
14465,6th Street,wala2025,2025-10-19,2142454,5.04,4.2,83.92,matched
14465,6th Street,wala2025,2025-10-19,2142526,0.47,0.39,7.87,matched
14465,6th Street,wala2025,2025-10-19,2142527,0.47,0.39,7.87,matched
14465,6th Street,wala2025,2025-10-19,2142528,0.47,0.39,7.87,matched
14465,6th Street,wala2025,2025-10-19,2142529,0.47,0.39,7.87,matched
14465,6th Street,wala2025,2025-10-19,2142530,0.47,0.39,7.87,matched
14465,6th Street,wala2025,2025-10-19,2142531,0.47,0.39,7.87,matched
14465,6th Street,wala2025,2025-10-19,2142532,0.47,0.39,7.87,matched
14465,6th Street,wala2025,2025-10-19,2142533,0.47,0.39,7.87,matched
14465,6th Street,wala2025,2025-10-19,2142534,0.47,0.39,7.87,matched
14465,6th Street,wala2025,2025-10-19,2142535,0.47,0.39,7.87,matched
14465,6th Street,wala2025,2025-10-19,2142536,0.47,0.39,7.87,matched
14465,6th Street,wala2025,2025-10-19,2142537,0.47,0.39,7.87,matched
14465,6th Street,wala2025,2025-10-19,2142538,0.47,0.39,7.87,matched
14465,6th Street,wala2025,2025-10-19,2142539,0.47,0.39,7.87,matched
14465,6th Street,wala2025,2025-10-19,2142540,0.47,0.39,7.87,matched
14465,6th Street,wala2025,2025-10-19,2142541,0.47,0.39,7.87,matched
14465,6th Street,wala2025,2025-10-19,2142542,0.47,0.39,7.87,matched
14465,6th Street,wala2025,2025-10-19,2142543,0.47,0.39,7.87,matched
14465,6th Street,wala2025,2025-10-19,2142544,0.47,0.39,7.87,matched
14465,6th Street,wala2025,2025-10-19,2142545,0.47,0.39,7.87,matched
14465,6th Street,wala2025,2025-10-19,2142579,2.6,2.17,43.32,matched
14465,6th Street,wala2025,2025-10-20,2144229,0.71,0.59,11.81,matched
14465,6th Street,wala2025,2025-10-20,2144230,0.71,0.59,11.81,matched
14465,6th Street,wala2025,2025-10-20,2144231,0.71,0.59,11.81,matched
14465,6th Street,wala2025,2025-10-21,2146181,3.58,2.98,59.67,matched
14465,6th Street,wala2025,2025-10-22,2147608,4.72,3.94,78.75,matched
14465,6th Street,wala2025,2025-10-23,2148951,2.29,1.91,38.15,matched
14465,6th Street,wala2025,2025-10-23,2148999,5.74,4.78,95.64,matched
14465,6th Street,wala2025,2025-10-24,2150377,2.16,1.8,35.97,matched
14465,6th Street,wala2025,2025-10-24,2150378,2.16,1.8,35.97,matched
14465,6th Street,wala2025,2025-10-24,2150379,2.16,1.8,35.97,matched
14465,6th Street,wala2025,2025-10-24,2150401,1.14,0.95,18.94,matched
14465,6th Street,wala2025,2025-10-24,2150402,1.14,0.95,18.94,matched
14465,6th Street,wala2025,2025-10-24,2150403,1.14,0.95,18.94,matched
14465,6th Street,wala2025,2025-10-24,2150404,1.14,0.95,18.94,matched
14465,6th Street,wala2025,2025-10-24,2150405,1.14,0.95,18.94,matched
14465,6th Street,wala2025,2025-10-24,2150406,1.14,0.95,18.94,matched
14465,6th Street,wala2025,2025-10-24,2150407,1.14,0.95,18.94,matched
14465,6th Street,wala2025,2025-10-24,2150408,1.14,0.95,18.94,matched
14465,6th Street,wala2025,2025-10-24,2150423,1.23,1.03,20.53,matched
14465,6th Street,wala2025,2025-10-24,2150424,1.23,1.03,20.53,matched
14465,6th Street,wala2025,2025-10-24,2150425,1.23,1.03,20.53,matched
14465,6th Street,wala2025,2025-10-24,2150426,1.23,1.03,20.53,matched
14465,6th Street,wala2025,2025-10-24,2150427,1.23,1.03,20.53,matched
14465,6th Street,wala2025,2025-10-24,2150428,1.23,1.03,20.53,matched
14465,6th Street,wala2025,2025-10-24,2150445,8.4,7.0,140.05,matched
14465,6th Street,wala2025,2025-10-24,2150467,1.31,2.19,21.88,not matched
14465,6th Street,wala2025,2025-10-24,2150468,1.31,2.19,21.88,not matched
14465,6th Street,wala2025,2025-10-24,2150469,1.31,2.19,21.88,not matched
14465,6th Street,wala2025,2025-10-24,2150470,1.31,2.19,21.88,not matched
14465,6th Street,wala2025,2025-10-24,2150471,1.31,2.19,21.88,not matched
14465,6th Street,wala2025,2025-10-24,2150472,1.31,2.19,21.88,not matched
14465,6th Street,wala2025,2025-10-24,2150473,1.31,2.19,21.88,not matched
14465,6th Street,wala2025,2025-10-24,2150490,3.22,2.68,53.68,matched
14465,6th Street,wala2025,2025-10-24,2150492,2.52,2.1,41.96,matched
14465,6th Street,wala2025,2025-10-24,2150493,2.52,2.1,41.96,matched
14465,6th Street,wala2025,2025-10-25,2151882,3.22,2.68,53.68,matched
14465,6th Street,wala2025,2025-10-25,2151908,2.26,3.76,37.6,not matched
14465,6th Street,wala2025,2025-10-25,2151926,5.49,4.58,91.55,matched
14465,6th Street,wala2025,2025-10-25,2152012,0.55,0.46,9.17,matched
14465,6th Street,wala2025,2025-10-25,2152013,0.55,0.46,9.17,matched
14465,6th Street,wala2025,2025-10-25,2152014,0.55,0.46,9.17,matched
14465,Adidas,ran221,2025-10-01,2104397,2.96,2.96,42.28,matched
14465,Adidas,ran221,2025-10-03,2107822,4.75,4.75,67.82,matched
14465,Adidas,ran221,2025-10-03,2107823,0.89,0.89,12.75,matched
14465,Adidas,ran221,2025-10-03,2107824,2.78,2.78,39.74,matched
14465,Adidas,ran221,2025-10-03,2107825,0.89,0.89,12.75,matched
14465,Adidas,ran221,2025-10-03,2107826,8.7,8.7,124.25,matched
14465,Adidas,ran221,2025-10-03,2107827,2.48,2.48,35.46,matched
14465,Adidas,ran221,2025-10-03,2107828,5.62,5.62,80.27,matched
14465,Adidas,ran221,2025-10-03,2107829,8.99,8.99,128.45,matched
14465,Adidas,ran221,2025-10-03,2107830,7.0,7.0,99.95,matched
14465,Adidas,ran221,2025-10-04,2109381,3.58,3.58,51.15,matched
14465,Adidas,ran221,2025-10-04,2109382,3.5,3.5,49.96,matched
14465,Adidas,ran221,2025-10-05,2115278,7.55,7.55,107.79,matched
14465,Adidas,ran221,2025-10-06,2119487,5.21,5.21,74.37,matched
14465,Adidas,ran221,2025-10-08,2120903,2.31,2.31,32.96,matched
14465,Adidas,ran221,2025-10-11,2127801,8.78,8.78,125.49,matched
14465,Adidas,ran221,2025-10-14,2133027,13.47,13.47,192.38,matched
14465,Adidas,ran221,2025-10-19,2142845,6.89,6.89,98.39,matched
14465,Al Matar,wala2025,2025-10-13,2130689,2.45,3.27,217.98,not matched
14465,Al Matar,wala2025,2025-10-13,2130690,7.13,9.51,633.79,not matched
14465,Al Matar,wala2025,2025-10-14,2132547,6.13,6.13,153.2,not matched
14465,Al Matar,wala2025,2025-10-14,2132549,0.01,0.01,0.25,not matched
14465,Al Matar,wala2025,2025-10-14,2132551,63.09,63.09,1577.3,not matched
14465,Al Matar,wala2025,2025-10-14,2132557,2.24,2.24,149.05,not matched
14465,Al Matar,wala2025,2025-10-14,2132558,1.92,1.92,192.37,not matched
14465,Al Matar,wala2025,2025-10-14,2132561,31.25,31.25,2083.65,not matched
14465,Al Matar,wala2025,2025-10-15,2134431,33.85,37.61,940.28,matched
14465,Al Matar,wala2025,2025-10-15,2134432,27.99,31.1,777.52,matched
14465,Al Matar,wala2025,2025-10-15,2134433,31.26,34.74,868.42,matched
14465,Al Matar,wala2025,2025-10-15,2134447,11.1,11.1,739.78,not matched
14465,Al Matar,wala2025,2025-10-15,2134452,4.56,4.56,304.09,not matched
14465,Al Matar,wala2025,2025-10-16,2138102,2.32,2.32,154.5,not matched
14465,Al Matar,wala2025,2025-10-16,2138104,0.3,0.33,33.24,matched
14465,Al Matar,wala2025,2025-10-16,2138108,0.9,1.01,100.54,not matched
14465,Al Matar,wala2025,2025-10-16,2138110,0.8,0.89,88.56,matched
14465,Al Matar,wala2025,2025-10-16,2138121,8.24,9.15,228.8,matched
14465,Al Matar,wala2025,2025-10-16,2138122,10.97,12.19,304.66,matched
14465,Al Matar,wala2025,2025-10-16,2138123,1.51,1.68,41.88,matched
14465,Al Matar,wala2025,2025-10-16,2138124,3.01,3.34,83.49,matched
14465,Al Matar,wala2025,2025-10-16,2138125,6.01,6.68,166.98,matched
14465,Al Matar,wala2025,2025-10-16,2138127,5.12,5.68,142.1,matched
14465,Al Matar,wala2025,2025-10-16,2138128,2.24,2.49,62.21,matched
14465,Al Matar,wala2025,2025-10-16,2138131,0.91,1.02,25.38,matched
14465,Al Matar,wala2025,2025-10-16,2138134,0.01,0.01,0.18,not matched
14465,Al Matar,wala2025,2025-10-16,2138135,0.01,0.01,0.21,not matched
14465,Al Matar,wala2025,2025-10-17,2138084,1.24,1.38,137.87,matched
14465,Al Matar,wala2025,2025-10-17,2138086,4.5,4.99,499.46,matched
14465,Al Matar,wala2025,2025-10-17,2138087,8.08,8.08,538.42,not matched
14465,Al Matar,wala2025,2025-10-17,2138089,3.03,3.03,201.91,not matched
14465,Al Matar,wala2025,2025-10-17,2138090,2.31,2.31,154.22,not matched
14465,Al Matar,wala2025,2025-10-17,2138091,14.05,15.61,390.19,matched
14465,Al Matar,wala2025,2025-10-17,2138092,7.34,8.16,203.99,matched
14465,Al Matar,wala2025,2025-10-17,2138093,7.34,8.16,203.99,matched
14465,Al Matar,wala2025,2025-10-17,2138094,20.73,23.03,575.81,matched
14465,Al Matar,wala2025,2025-10-17,2138097,87.03,96.7,2417.46,matched
14465,Al Matar,wala2025,2025-10-17,2138098,7.8,8.66,216.61,matched
14465,Al Matar,wala2025,2025-10-18,2140333,3.0,3.34,333.51,matched
14465,Al Matar,wala2025,2025-10-18,2140334,1.14,1.14,75.75,not matched
14465,Al Matar,wala2025,2025-10-18,2140340,26.43,29.37,734.28,matched
14465,Al Matar,wala2025,2025-10-18,2140341,0.4,0.44,11.04,matched
14465,Al Matar,wala2025,2025-10-18,2140342,0.01,0.01,0.35,not matched
14465,Al Matar,wala2025,2025-10-18,2140345,0.0,0.0,0.11,matched
14465,Al Matar,wala2025,2025-10-18,2140347,39.91,44.34,1108.59,matched
14465,Al Matar,wala2025,2025-10-19,2142370,1.21,1.34,134.33,matched
14465,Al Matar,wala2025,2025-10-19,2142372,0.63,0.69,69.48,not matched
14465,Al Matar,wala2025,2025-10-19,2142381,7.55,8.38,838.42,matched
14465,Al Matar,wala2025,2025-10-19,2142383,2.5,2.77,277.38,matched
14465,Al Matar,wala2025,2025-10-19,2142384,2.65,2.65,176.57,not matched
14465,Al Matar,wala2025,2025-10-19,2142386,10.11,10.11,673.84,not matched
14465,Al Matar,wala2025,2025-10-19,2142390,5.5,6.11,611.17,matched
14465,Al Matar,wala2025,2025-10-19,2142392,0.01,0.01,0.18,not matched
14465,Al Matar,wala2025,2025-10-19,2142393,82.49,91.65,2291.27,matched
14465,Al Matar,wala2025,2025-10-19,2142395,2.86,3.17,79.32,matched
14465,Al Matar,wala2025,2025-10-20,2144142,2.05,2.28,56.9,matched
14465,Al Matar,wala2025,2025-10-20,2144143,28.02,31.13,778.27,matched
14465,Al Matar,wala2025,2025-10-20,2144145,1.39,1.54,38.5,matched
14465,Al Matar,wala2025,2025-10-20,2144146,26.94,29.93,748.32,matched
14465,Al Matar,wala2025,2025-10-20,2144149,11.0,11.0,733.51,not matched
14465,Al Matar,wala2025,2025-10-20,2144152,16.73,18.59,1859.4,matched
14465,Al Matar,wala2025,2025-10-20,2144154,5.84,5.84,389.1,not matched
14465,Al Matar,wala2025,2025-10-20,2144156,4.22,4.22,281.47,not matched
14465,Al Matar,wala2025,2025-10-21,2146035,0.01,0.01,0.25,not matched
14465,Al Matar,wala2025,2025-10-22,2147509,6.36,6.36,423.98,not matched
14465,Al Matar,wala2025,2025-10-23,2148927,0.0,0.0,0.01,matched
14465,Al Matar,wala2025,2025-10-23,2148931,72.51,80.57,2014.15,matched
14465,Al Matar,wala2025,2025-10-24,2150338,11.31,12.56,314.03,matched
14465,Al Matar,wala2025,2025-10-24,2150342,2.45,2.45,163.49,not matched
14465,Al Matar,wala2025,2025-10-25,2151830,13.65,15.16,379.11,matched
14465,Al Matar,wala2025,2025-10-25,2151832,0.0,0.0,0.02,matched
14465,Baytonia,g61,2025-10-08,2129712,16.38,18.2,364.06,matched
14465,Baytonia,g61,2025-10-08,2129713,8.03,8.93,178.55,matched
14465,Baytonia,g61,2025-10-09,2129711,16.42,18.25,364.99,matched
14465,Baytonia,g61,2025-10-11,2129714,1.97,2.19,43.83,matched
14465,Baytonia,g61,2025-10-15,2145109,15.38,17.09,341.8,matched
14465,Baytonia,g61,2025-10-20,2145110,8.08,8.97,179.48,matched
14465,Beluar,bf67,2025-10-09,2128680,12.11,13.46,103.53,matched
14465,Dabdoob,82wp58,2025-10-13,2148740,1.22,1.36,13.6,matched
14465,Dabdoob,82wp58,2025-10-13,2148741,1.66,1.84,18.4,matched
14465,Dabdoob,82wp58,2025-10-13,2148743,6.14,6.82,68.21,matched
14465,Dabdoob,82wp58,2025-10-13,2148744,2.29,2.55,25.49,matched
14465,Dabdoob,82wp58,2025-10-14,2148746,10.37,11.52,115.19,matched
14465,Dabdoob,82wp58,2025-10-14,2148748,8.79,9.76,97.64,matched
14465,Dabdoob,82wp58,2025-10-14,2148750,2.39,2.66,26.56,matched
14465,Dabdoob,82wp58,2025-10-15,2148753,4.69,5.21,52.14,matched
14465,Dabdoob,82wp58,2025-10-15,2148754,6.1,6.77,67.73,matched
14465,Dabdoob,82wp58,2025-10-15,2148758,6.96,7.73,77.34,matched
14465,Dabdoob,82wp58,2025-10-16,2148765,2.4,2.67,26.66,matched
14465,Dabdoob,82wp58,2025-10-17,2148767,5.8,6.45,64.46,matched
14465,Dabdoob,82wp58,2025-10-17,2148768,6.88,7.65,76.5,matched
14465,Dabdoob,82wp58,2025-10-17,2148776,5.56,6.18,61.75,matched
14465,Dabdoob,82wp58,2025-10-18,2148782,6.85,7.61,76.07,matched
14465,Dabdoob,82wp58,2025-10-18,2148784,2.9,3.22,32.24,matched
14465,Dabdoob,82wp58,2025-10-18,2148785,5.26,5.84,58.41,matched
14465,Dabdoob,82wp58,2025-10-19,2148787,9.6,10.67,106.66,matched
14465,Dabdoob,82wp58,2025-10-19,2148788,7.96,8.84,88.43,matched
14465,Dabdoob,82wp58,2025-10-19,2148791,4.27,4.75,47.46,matched
14465,Dabdoob,82wp58,2025-10-19,2148792,1.35,1.5,15.05,matched
14465,Dabdoob,82wp58,2025-10-19,2148793,2.1,2.33,23.29,matched
14465,Dabdoob,82wp58,2025-10-20,2148796,9.13,10.15,101.47,matched
14465,Dabdoob,82wp58,2025-10-20,2148798,3.1,3.44,34.4,matched
14465,Dabdoob,82wp58,2025-10-20,2148799,1.87,2.08,20.78,matched
14465,Dabdoob,82wp58,2025-10-21,2148802,11.06,12.29,122.91,matched
14465,Dabdoob,82wp58,2025-10-21,2148803,3.26,3.62,36.19,matched
14465,Dabdoob,82wp58,2025-10-21,2148805,4.54,5.05,50.48,matched
14465,Dabdoob,82wp58,2025-10-22,2150817,4.34,4.83,48.26,matched
14465,Dabdoob,82wp58,2025-10-22,2150823,2.38,2.64,26.4,matched
14465,Dabdoob,82wp58,2025-10-22,2150828,2.24,2.49,24.9,matched
14465,DailyMeals,r99,2025-10-03,2107252,3.6,4.0,231.2,matched
14465,DailyMeals,r99,2025-10-04,2108850,3.6,4.0,231.2,matched
14465,DailyMeals,r99,2025-10-04,2108851,3.6,4.0,231.2,matched
14465,DailyMeals,r99,2025-10-07,2120412,3.6,4.0,57.8,matched
14465,DailyMeals,r99,2025-10-07,2120413,3.6,4.0,115.6,matched
14465,DailyMeals,r99,2025-10-10,2125545,3.6,4.0,231.2,matched
14465,DailyMeals,r99,2025-10-11,2127283,3.6,4.0,57.8,matched
14465,DailyMeals,r99,2025-10-11,2127285,3.6,4.0,57.8,matched
14465,DailyMeals,r99,2025-10-11,2127286,3.6,4.0,115.6,matched
14465,DailyMeals,r99,2025-10-12,2128691,14.4,16.0,75.48,matched
14465,DailyMeals,r99,2025-10-20,2144124,14.4,16.0,57.8,matched
14465,DailyMeals,r99,2025-10-23,2151791,3.6,4.0,88.93,matched
14465,DailyMeals,r99,2025-10-25,2151788,3.6,4.0,231.2,matched
14465,Deraah,dz50,2025-10-01,2105460,3.76,4.18,83.6,matched
14465,Deraah,dz50,2025-10-04,2109666,3.11,3.45,69.09,matched
14465,Deraah,dz50,2025-10-08,2130333,2.24,2.49,49.73,matched
14465,Deraah,dz50,2025-10-09,2130335,4.31,4.79,95.76,matched
14465,Deraah,dz50,2025-10-11,2130338,2.37,2.63,52.58,matched
14465,Deraah,dz50,2025-10-14,2140218,1.47,1.63,32.68,matched
14465,Deraah,dz50,2025-10-21,2148713,1.43,1.59,31.75,matched
14465,Deraah,dz50,2025-10-22,2151783,4.36,4.85,96.96,matched
14465,Dr Nutrition,m30,2025-10-05,2115358,1.2,1.34,133.55,matched
14465,GRASSE PERFUME,wala2025,2025-10-17,2147478,4.8,6.4,53.33,matched
14465,GRASSE PERFUME,wala2025,2025-10-17,2147479,4.8,6.4,53.33,matched
14465,GRASSE PERFUME,wala2025,2025-10-17,2147480,4.8,6.4,53.33,matched
14465,GRASSE PERFUME,wala2025,2025-10-17,2147481,4.8,6.4,53.33,matched
14465,Golden Scent,d957,2025-10-09,2142215,4.5,5.0,0.0,matched
14465,Golden Scent,d957,2025-10-10,2142233,4.5,5.0,0.0,matched
14465,Golden Scent,d957,2025-10-10,2142243,4.5,5.0,0.0,matched
14465,Golden Scent,d957,2025-10-10,2142246,4.5,5.0,0.0,matched
14465,Golden Scent,d957,2025-10-10,2142248,4.5,5.0,0.0,matched
14465,Golden Scent,d957,2025-10-12,2141979,9.0,10.0,0.0,matched
14465,Golden Scent,d957,2025-10-14,2142016,9.0,10.0,0.0,matched
14465,Golden Scent,d957,2025-10-15,2142028,9.0,10.0,0.0,matched
14465,Golden Scent,d957,2025-10-15,2142320,4.5,5.0,0.0,matched
14465,Golden Scent,d957,2025-10-15,2142326,4.5,5.0,0.0,matched
14465,Golden Scent,d957,2025-10-15,2142327,4.5,5.0,0.0,matched
14465,Golden Scent,d957,2025-10-17,2145644,9.0,10.0,0.0,matched
14465,Golden Scent,d957,2025-10-18,2145652,9.0,10.0,0.0,matched
14465,Golden Scent,d957,2025-10-18,2145660,9.0,10.0,0.0,matched
14465,Golden Scent,d957,2025-10-19,2145665,9.0,10.0,0.0,matched
14465,Golden Scent,d957,2025-10-19,2153316,4.5,5.0,0.0,matched
14465,Golden Scent,d957,2025-10-21,2153322,4.5,5.0,0.0,matched
14465,H&M,v5ng,2025-10-02,2116185,7.2,8.0,57.2,matched
14465,H&M,v5ng,2025-10-02,2116186,7.2,8.0,100.31,matched
14465,H&M,v5ng,2025-10-02,2116188,1.8,2.0,44.87,matched
14465,H&M,v5ng,2025-10-03,2116164,7.2,8.0,45.34,matched
14465,H&M,v5ng,2025-10-05,2116107,1.8,2.0,72.15,matched
14465,H&M,v5ng,2025-10-05,2116113,1.8,2.0,51.47,matched
14465,H&M,v5ng,2025-10-06,2116642,1.8,2.0,37.18,matched
14465,H&M,v5ng,2025-10-06,2116643,1.8,2.0,133.09,matched
14465,H&M,v5ng,2025-10-06,2116644,1.8,2.0,58.95,matched
14465,H&M,v5ng,2025-10-06,2116645,1.8,2.0,92.17,matched
14465,H&M,v5ng,2025-10-08,2120434,1.8,2.0,103.17,matched
14465,H&M,v5ng,2025-10-08,2120436,1.8,2.0,152.0,matched
14465,H&M,v5ng,2025-10-09,2123305,1.8,2.0,232.07,matched
14465,H&M,v5ng,2025-10-10,2125560,7.2,8.0,70.17,matched
14465,H&M,v5ng,2025-10-10,2125566,1.8,2.0,195.78,matched
14465,H&M,v5ng,2025-10-11,2128726,7.2,8.0,26.18,matched
14465,H&M,v5ng,2025-10-11,2128730,7.2,8.0,71.49,matched
14465,H&M,v5ng,2025-10-11,2128732,7.2,8.0,77.65,matched
14465,H&M,v5ng,2025-10-12,2128709,7.2,8.0,15.4,matched
14465,H&M,v5ng,2025-10-12,2128710,1.8,2.0,122.96,matched
14465,H&M,v5ng,2025-10-12,2128711,7.2,8.0,407.17,matched
14465,H&M,v5ng,2025-10-13,2130672,1.8,2.0,97.67,matched
14465,H&M,v5ng,2025-10-13,2130673,1.8,2.0,96.41,matched
14465,H&M,v5ng,2025-10-15,2138074,1.8,2.0,37.18,matched
14465,H&M,v5ng,2025-10-15,2138078,7.2,8.0,48.62,matched
14465,H&M,v5ng,2025-10-15,2138079,1.8,2.0,63.35,matched
14465,H&M,v5ng,2025-10-16,2138061,1.8,2.0,52.85,matched
14465,H&M,v5ng,2025-10-16,2138065,1.8,2.0,131.82,matched
14465,H&M,v5ng,2025-10-17,2138046,7.2,8.0,86.56,matched
14465,H&M,v5ng,2025-10-17,2138047,7.2,8.0,52.35,matched
14465,H&M,v5ng,2025-10-17,2138049,1.8,2.0,30.88,matched
14465,H&M,v5ng,2025-10-18,2140317,7.2,8.0,126.27,matched
14465,H&M,v5ng,2025-10-18,2140319,1.8,2.0,21.78,matched
14465,H&M,v5ng,2025-10-21,2146023,1.8,2.0,53.45,matched
14465,H&M,v5ng,2025-10-21,2146024,1.8,2.0,77.05,matched
14465,H&M,v5ng,2025-10-21,2146025,7.2,8.0,43.56,matched
14465,H&M,v5ng,2025-10-22,2147495,1.8,2.0,39.15,matched
14465,H&M,v5ng,2025-10-25,2151803,1.8,2.0,143.04,matched
14465,H&M,v5ng,2025-10-25,2151804,1.8,2.0,35.96,matched
14465,H&M,v5ng,2025-10-25,2151808,1.8,2.0,88.43,matched
14465,H&M,v5ng,2025-10-25,2151809,1.8,2.0,48.84,matched
14465,H&M,v5ng,2025-10-25,2151810,7.2,8.0,56.86,matched
14465,Levelshoes,dh135,2025-10-01,2104168,9.96,11.06,221.29,matched
14465,Levelshoes,dh135,2025-10-01,2104169,9.96,11.06,221.29,matched
14465,Levelshoes,dh135,2025-10-01,2104170,28.75,31.94,638.83,matched
14465,Levelshoes,dh135,2025-10-02,2105896,11.93,13.26,265.13,matched
14465,Levelshoes,dh135,2025-10-02,2105897,11.93,13.26,265.13,matched
14465,Levelshoes,dh135,2025-10-02,2105898,3.38,3.76,75.16,matched
14465,Levelshoes,dh135,2025-10-02,2105909,29.87,33.19,331.9,matched
14465,Levelshoes,dh135,2025-10-02,2105910,29.87,33.19,331.9,matched
14465,Levelshoes,dh135,2025-10-03,2107463,5.07,5.64,56.37,matched
14465,Levelshoes,dh135,2025-10-04,2109130,6.11,6.79,135.7,matched
14465,Levelshoes,dh135,2025-10-05,2115030,19.54,21.71,217.09,matched
14465,Levelshoes,dh135,2025-10-05,2115033,14.84,16.49,164.9,matched
14465,Levelshoes,dh135,2025-10-06,2116830,4.7,5.22,104.38,matched
14465,Levelshoes,dh135,2025-10-07,2123026,7.42,8.25,164.93,matched
14465,Levelshoes,dh135,2025-10-08,2120646,15.59,17.33,346.51,matched
14465,Levelshoes,dh135,2025-10-08,2120647,15.59,17.33,346.51,matched
14465,Levelshoes,dh135,2025-10-08,2120648,15.59,17.33,346.51,matched
14465,Levelshoes,dh135,2025-10-11,2127570,13.15,14.61,146.14,matched
14465,Levelshoes,dh135,2025-10-11,2127575,32.88,36.53,365.34,matched
14465,Levelshoes,dh135,2025-10-11,2127576,32.88,36.53,365.34,matched
14465,Levelshoes,dh135,2025-10-11,2127579,43.21,48.02,480.17,matched
14465,Levelshoes,dh135,2025-10-13,2130910,28.56,31.73,317.33,matched
14465,Levelshoes,dh135,2025-10-13,2130911,4.98,5.53,110.65,matched
14465,Levelshoes,dh135,2025-10-17,2138484,12.59,13.99,139.87,matched
14465,Levelshoes,dh135,2025-10-17,2138485,6.11,6.78,135.68,matched
14465,Levelshoes,dh135,2025-10-18,2140582,16.35,18.16,181.63,matched
14465,Levelshoes,dh135,2025-10-18,2140587,4.98,5.53,110.65,matched
14465,Levelshoes,dh135,2025-10-18,2140588,3.66,4.07,81.42,matched
14465,Levelshoes,dh135,2025-10-19,2142638,28.37,31.52,315.24,matched
14465,Levelshoes,dh135,2025-10-19,2142644,16.16,17.95,359.08,matched
14465,Levelshoes,dh135,2025-10-19,2142645,16.16,17.95,359.08,matched
14465,Levelshoes,dh135,2025-10-20,2144368,8.08,8.98,179.53,matched
14465,Levelshoes,dh135,2025-10-20,2144370,4.98,5.53,110.64,matched
14465,Levelshoes,dh135,2025-10-22,2147691,7.89,8.77,175.37,matched
14465,Levelshoes,dh135,2025-10-24,2150552,14.28,15.87,317.37,matched
14465,Levelshoes,dh135,2025-10-25,2152087,108.98,121.09,1210.85,matched
14465,Magrabi,f68,2025-10-02,2107257,23.99,26.66,158.4,matched
14465,Magrabi,f68,2025-10-03,2107259,23.99,26.66,139.32,matched
14465,Magrabi,f68,2025-10-03,2107261,23.99,26.66,228.0,matched
14465,Magrabi,f68,2025-10-04,2108855,23.99,26.66,45.6,matched
14465,Magrabi,f68,2025-10-05,2116630,23.99,26.66,252.48,matched
14465,Magrabi,f68,2025-10-06,2116634,23.99,26.66,487.2,matched
14465,Magrabi,f68,2025-10-06,2116636,23.99,26.66,130.56,matched
14465,Magrabi,f68,2025-10-08,2120423,23.99,26.66,400.32,matched
14465,Magrabi,f68,2025-10-09,2125552,23.99,26.66,318.72,matched
14465,Magrabi,f68,2025-10-11,2127291,23.99,26.66,176.64,matched
14465,Magrabi,f68,2025-10-12,2128693,23.99,26.66,13.92,matched
14465,Magrabi,f68,2025-10-16,2138038,23.99,26.66,190.08,matched
14465,Magrabi,f68,2025-10-18,2140305,23.99,26.66,104.4,matched
14465,Magrabi,f68,2025-10-18,2140307,23.99,26.66,240.0,matched
14465,Magrabi,f68,2025-10-18,2140308,23.99,26.66,38.4,matched
14465,Magrabi,f68,2025-10-18,2140309,23.99,26.66,38.4,matched
14465,Mamas&Papas,dz48,2025-10-01,2103964,4.4,4.89,81.47,matched
14465,Mamas&Papas,dz48,2025-10-02,2105699,3.62,4.03,67.09,matched
14465,Mamas&Papas,dz48,2025-10-02,2105701,8.8,9.78,162.94,matched
14465,Mamas&Papas,dz48,2025-10-03,2107253,6.35,7.05,117.52,matched
14465,Mamas&Papas,dz48,2025-10-05,2114820,42.96,47.73,795.55,matched
14465,Mamas&Papas,dz48,2025-10-07,2120418,2.94,3.27,54.47,matched
14465,Mamas&Papas,dz48,2025-10-07,2120420,7.76,8.62,143.72,matched
14465,Mamas&Papas,dz48,2025-10-10,2125548,8.44,9.38,156.37,matched
14465,Mamas&Papas,dz48,2025-10-10,2125549,13.9,15.45,257.48,matched
14465,Mamas&Papas,dz48,2025-10-10,2125550,4.92,5.47,91.08,matched
14465,Mamas&Papas,dz48,2025-10-13,2130661,6.42,7.14,118.92,matched
14465,Mamas&Papas,dz48,2025-10-13,2130662,40.45,44.94,749.02,matched
14465,Mamas&Papas,dz48,2025-10-18,2140301,5.61,6.24,103.95,matched
14465,Mamas&Papas,dz48,2025-10-18,2140302,26.59,29.55,492.43,matched
14465,Mamas&Papas,dz48,2025-10-18,2140303,13.02,14.46,241.05,matched
14465,Mamas&Papas,dz48,2025-10-19,2142352,42.13,46.81,780.11,matched
14465,Mamas&Papas,dz48,2025-10-21,2146017,9.46,10.51,175.2,matched
14465,Mamas&Papas,dz48,2025-10-21,2146018,8.02,8.91,148.52,matched
14465,Mamas&Papas,dz48,2025-10-22,2147488,6.12,6.8,113.26,matched
14465,Mamas&Papas,dz48,2025-10-22,2147489,2.45,2.73,45.42,matched
14465,Mamas&Papas,dz48,2025-10-23,2148902,2.94,3.27,54.47,matched
14465,Mamas&Papas,dz48,2025-10-25,2151793,37.23,41.37,689.5,matched
14465,MetroBrazil,dzct,2025-10-01,2107836,6.42,7.13,71.28,matched
14465,MetroBrazil,dzct,2025-10-01,2107837,10.58,11.76,117.6,matched
14465,MetroBrazil,dzct,2025-10-02,2107835,10.5,11.66,116.64,matched
14465,MetroBrazil,dzct,2025-10-03,2107832,10.2,11.33,113.28,matched
14465,MetroBrazil,dzct,2025-10-04,2115282,12.83,14.26,142.56,matched
14465,MetroBrazil,dzct,2025-10-07,2120906,11.66,12.96,129.6,matched
14465,MetroBrazil,dzct,2025-10-09,2126164,9.16,10.18,101.81,matched
14465,MetroBrazil,dzct,2025-10-11,2129322,7.13,7.92,79.2,matched
14465,MetroBrazil,dzct,2025-10-12,2129321,9.18,10.2,102.0,matched
14465,MetroBrazil,dzct,2025-10-19,2142847,7.13,7.92,79.2,matched
14465,MetroBrazil,dzct,2025-10-24,2150832,17.06,18.96,189.6,matched
14465,Mothercare,vwwmg,2025-10-07,2120453,3.6,4.0,88.99,matched
14465,Mothercare,vwwmg,2025-10-08,2120430,3.6,4.0,583.52,matched
14465,Mothercare,vwwmg,2025-10-09,2123299,3.6,4.0,87.53,matched
14465,Mothercare,vwwmg,2025-10-09,2123300,3.6,4.0,45.64,matched
14465,Mothercare,vwwmg,2025-10-11,2128724,3.6,4.0,10.42,matched
14465,Mothercare,vwwmg,2025-10-12,2128696,3.6,4.0,54.18,matched
14465,Mothercare,vwwmg,2025-10-12,2128698,3.6,4.0,70.44,matched
14465,Mothercare,vwwmg,2025-10-12,2128701,3.6,4.0,298.63,matched
14465,Mothercare,vwwmg,2025-10-14,2132536,3.6,4.0,78.78,matched
14465,Mothercare,vwwmg,2025-10-22,2147492,3.6,4.0,20.21,matched
14465,Mumzworld,zmm86,2025-10-01,2104309,1.49,1.65,55.1,matched
14465,Mumzworld,zmm86,2025-10-01,2104310,1.49,1.65,55.1,matched
14465,Mumzworld,zmm86,2025-10-02,2106077,2.15,2.39,29.88,matched
14465,Mumzworld,zmm86,2025-10-02,2106078,1.6,1.78,59.24,matched
14465,Mumzworld,zmm86,2025-10-02,2106079,1.6,1.78,59.24,matched
14465,Mumzworld,zmm86,2025-10-03,2107691,4.68,5.2,65.02,matched
14465,Mumzworld,zmm86,2025-10-03,2107692,4.68,5.2,65.02,matched
14465,Mumzworld,zmm86,2025-10-03,2107693,0.23,0.25,8.43,not matched
14465,Mumzworld,zmm86,2025-10-04,2109269,8.36,9.29,116.08,matched
14465,Mumzworld,zmm86,2025-10-04,2109270,8.36,9.29,116.08,matched
14465,Mumzworld,zmm86,2025-10-04,2109271,6.79,7.54,251.31,matched
14465,Mumzworld,zmm86,2025-10-04,2109272,6.79,7.54,251.31,matched
14465,Mumzworld,zmm86,2025-10-05,2115171,1.76,1.96,24.45,matched
14465,Mumzworld,zmm86,2025-10-05,2115172,4.89,5.43,180.84,matched
14465,Mumzworld,zmm86,2025-10-05,2115173,4.89,5.43,180.84,matched
14465,Mumzworld,zmm86,2025-10-05,2115174,4.89,5.43,180.84,matched
14465,Mumzworld,zmm86,2025-10-06,2117000,23.48,26.09,326.06,matched
14465,Mumzworld,zmm86,2025-10-07,2121391,5.31,5.9,73.77,matched
14465,Mumzworld,zmm86,2025-10-07,2121392,2.09,2.32,77.25,matched
14465,Mumzworld,zmm86,2025-10-07,2121393,2.09,2.32,77.25,matched
14465,Mumzworld,zmm86,2025-10-08,2121419,9.1,10.11,126.33,matched
14465,Mumzworld,zmm86,2025-10-08,2121420,9.1,10.11,126.33,matched
14465,Mumzworld,zmm86,2025-10-08,2121422,1.3,1.44,48.01,matched
14465,Mumzworld,zmm86,2025-10-08,2121540,1.3,1.44,48.01,matched
14465,Mumzworld,zmm86,2025-10-08,2121682,1.3,1.44,48.01,matched
14465,Mumzworld,zmm86,2025-10-08,2122001,1.3,1.44,48.01,matched
14465,Mumzworld,zmm86,2025-10-09,2123673,21.74,24.15,301.86,matched
14465,Mumzworld,zmm86,2025-10-09,2123674,2.48,2.75,91.8,matched
14465,Mumzworld,zmm86,2025-10-09,2123675,2.48,2.75,91.8,matched
14465,Mumzworld,zmm86,2025-10-09,2123676,2.48,2.75,91.8,matched
14465,Mumzworld,zmm86,2025-10-09,2123677,2.48,2.75,91.8,matched
14465,Mumzworld,zmm86,2025-10-11,2127711,26.96,29.95,374.4,matched
14465,Mumzworld,zmm86,2025-10-11,2127712,26.96,29.95,374.4,matched
14465,Mumzworld,zmm86,2025-10-12,2129243,2.81,3.85,48.07,not matched
14465,Mumzworld,zmm86,2025-10-12,2129244,2.87,3.93,131.05,not matched
14465,Mumzworld,zmm86,2025-10-12,2129245,2.87,3.93,131.05,not matched
14465,Mumzworld,zmm86,2025-10-12,2129246,2.87,3.93,131.05,not matched
14465,Mumzworld,zmm86,2025-10-12,2129247,2.87,3.93,131.05,not matched
14465,Mumzworld,zmm86,2025-10-12,2129248,2.87,3.93,131.05,not matched
14465,Mumzworld,zmm86,2025-10-13,2131057,28.06,31.18,389.71,matched
14465,Mumzworld,zmm86,2025-10-13,2131058,28.06,31.18,389.71,matched
14465,Mumzworld,zmm86,2025-10-13,2131059,6.08,6.76,225.21,matched
14465,Mumzworld,zmm86,2025-10-13,2131060,6.08,6.76,225.21,matched
14465,Mumzworld,zmm86,2025-10-14,2132949,7.86,8.73,109.11,matched
14465,Mumzworld,zmm86,2025-10-14,2132950,2.26,2.51,83.58,matched
14465,Mumzworld,zmm86,2025-10-15,2134844,2.71,3.02,100.52,matched
14465,Mumzworld,zmm86,2025-10-15,2134845,2.71,3.02,100.52,matched
14465,Mumzworld,zmm86,2025-10-16,2138715,3.08,3.42,42.74,matched
14465,Mumzworld,zmm86,2025-10-16,2138716,3.08,3.42,42.74,matched
14465,Mumzworld,zmm86,2025-10-16,2138717,1.82,2.02,67.45,matched
14465,Mumzworld,zmm86,2025-10-16,2138718,1.82,2.02,67.45,matched
14465,Mumzworld,zmm86,2025-10-16,2138719,1.82,2.02,67.45,matched
14465,Mumzworld,zmm86,2025-10-16,2138720,1.82,2.02,67.45,matched
14465,Mumzworld,zmm86,2025-10-16,2138721,1.82,2.02,67.45,matched
14465,Mumzworld,zmm86,2025-10-18,2140743,12.59,13.99,174.85,matched
14465,Mumzworld,zmm86,2025-10-18,2140744,1.66,1.85,61.65,matched
14465,Mumzworld,zmm86,2025-10-19,2142780,11.75,13.06,163.24,matched
14465,Mumzworld,zmm86,2025-10-19,2142781,3.92,4.35,145.09,matched
14465,Mumzworld,zmm86,2025-10-20,2144536,3.17,3.53,117.55,matched
14465,Mumzworld,zmm86,2025-10-21,2146371,75.55,83.94,1049.28,matched
14465,Mumzworld,zmm86,2025-10-21,2146372,1.4,1.55,51.72,matched
14465,Mumzworld,zmm86,2025-10-21,2146373,1.4,1.55,51.72,matched
14465,Mumzworld,zmm86,2025-10-22,2147803,1.45,1.61,53.68,matched
14465,Mumzworld,zmm86,2025-10-22,2147804,1.45,1.61,53.68,matched
14465,Mumzworld,zmm86,2025-10-22,2147805,1.45,1.61,53.68,matched
14465,Mumzworld,zmm86,2025-10-22,2147806,1.45,1.61,53.68,matched
14465,Mumzworld,zmm86,2025-10-22,2147807,1.45,1.61,53.68,matched
14465,Mumzworld,zmm86,2025-10-23,2149244,2.25,2.5,31.3,matched
14465,Mumzworld,zmm86,2025-10-23,2149245,2.25,2.5,31.3,matched
14465,Mumzworld,zmm86,2025-10-23,2149246,0.66,0.73,24.45,matched
14465,Mumzworld,zmm86,2025-10-25,2152241,11.89,13.21,165.17,matched
14465,Namshi,dgz133,2025-10-01,2104430,3.37,3.74,46.73,matched
14465,Namshi,dgz133,2025-10-01,2104480,1.76,1.96,78.21,matched
14465,Namshi,dgz133,2025-10-01,2104481,1.76,1.96,78.21,matched
14465,Namshi,dgz133,2025-10-01,2104482,1.76,1.96,78.21,matched
14465,Namshi,dgz133,2025-10-01,2104483,1.76,1.96,78.21,matched
14465,Namshi,dgz133,2025-10-01,2104484,1.76,1.96,78.21,matched
14465,Namshi,dgz133,2025-10-01,2104485,1.76,1.96,78.21,matched
14465,Namshi,dgz133,2025-10-01,2104486,1.76,1.96,78.21,matched
14465,Namshi,dgz133,2025-10-01,2104487,1.76,1.96,78.21,matched
14465,Namshi,dgz133,2025-10-02,2106185,4.57,5.08,63.55,matched
14465,Namshi,dgz133,2025-10-02,2106186,4.57,5.08,63.55,matched
14465,Namshi,dgz133,2025-10-02,2106187,4.57,5.08,63.55,matched
14465,Namshi,dgz133,2025-10-02,2106188,4.57,5.08,63.55,matched
14465,Namshi,dgz133,2025-10-02,2106189,4.57,5.08,63.55,matched
14465,Namshi,dgz133,2025-10-02,2106190,4.57,5.08,63.55,matched
14465,Namshi,dgz133,2025-10-02,2106191,4.57,5.08,63.55,matched
14465,Namshi,dgz133,2025-10-02,2106242,1.63,1.81,72.56,matched
14465,Namshi,dgz133,2025-10-02,2106243,1.63,1.81,72.56,matched
14465,Namshi,dgz133,2025-10-02,2106244,1.63,1.81,72.56,matched
14465,Namshi,dgz133,2025-10-02,2106245,1.63,1.81,72.56,matched
14465,Namshi,dgz133,2025-10-02,2106246,1.63,1.81,72.56,matched
14465,Namshi,dgz133,2025-10-02,2106247,1.63,1.81,72.56,matched
14465,Namshi,dgz133,2025-10-02,2106248,1.63,1.81,72.56,matched
14465,Namshi,dgz133,2025-10-03,2107853,6.69,7.43,92.93,matched
14465,Namshi,dgz133,2025-10-03,2107898,2.07,2.3,91.9,matched
14465,Namshi,dgz133,2025-10-03,2107899,2.07,2.3,91.9,matched
14465,Namshi,dgz133,2025-10-03,2107900,2.07,2.3,91.9,matched
14465,Namshi,dgz133,2025-10-03,2107901,2.07,2.3,91.9,matched
14465,Namshi,dgz133,2025-10-03,2107902,2.07,2.3,91.9,matched
14465,Namshi,dgz133,2025-10-03,2107903,2.07,2.3,91.9,matched
14465,Namshi,dgz133,2025-10-04,2114551,6.88,7.64,95.51,matched
14465,Namshi,dgz133,2025-10-04,2114552,6.88,7.64,95.51,matched
14465,Namshi,dgz133,2025-10-04,2114553,6.88,7.64,95.51,matched
14465,Namshi,dgz133,2025-10-04,2114585,1.75,1.94,77.51,matched
14465,Namshi,dgz133,2025-10-04,2114586,1.75,1.94,77.51,matched
14465,Namshi,dgz133,2025-10-04,2114587,1.75,1.94,77.51,matched
14465,Namshi,dgz133,2025-10-04,2114588,1.75,1.94,77.51,matched
14465,Namshi,dgz133,2025-10-04,2114589,1.75,1.94,77.51,matched
14465,Namshi,dgz133,2025-10-04,2114590,1.75,1.94,77.51,matched
14465,Namshi,dgz133,2025-10-04,2114591,1.75,1.94,77.51,matched
14465,Namshi,dgz133,2025-10-04,2114592,1.75,1.94,77.51,matched
14465,Namshi,dgz133,2025-10-04,2114593,1.75,1.94,77.51,matched
14465,Namshi,dgz133,2025-10-04,2114594,1.75,1.94,77.51,matched
14465,Namshi,dgz133,2025-10-04,2114595,1.75,1.94,77.51,matched
14465,Namshi,dgz133,2025-10-05,2116249,8.5,9.44,118.03,matched
14465,Namshi,dgz133,2025-10-05,2116250,8.5,9.44,118.03,matched
14465,Namshi,dgz133,2025-10-05,2116251,8.5,9.44,118.03,matched
14465,Namshi,dgz133,2025-10-05,2116565,2.3,2.56,102.49,matched
14465,Namshi,dgz133,2025-10-05,2116566,2.3,2.56,102.49,matched
14465,Namshi,dgz133,2025-10-05,2116567,2.3,2.56,102.49,matched
14465,Namshi,dgz133,2025-10-05,2116568,2.3,2.56,102.49,matched
14465,Namshi,dgz133,2025-10-05,2116569,2.3,2.56,102.49,matched
14465,Namshi,dgz133,2025-10-05,2116570,2.3,2.56,102.49,matched
14465,Namshi,dgz133,2025-10-05,2116571,2.3,2.56,102.49,matched
14465,Namshi,dgz133,2025-10-05,2116572,2.3,2.56,102.49,matched
14465,Namshi,dgz133,2025-10-05,2116573,2.3,2.56,102.49,matched
14465,Namshi,dgz133,2025-10-05,2116574,2.3,2.56,102.49,matched
14465,Namshi,dgz133,2025-10-05,2116575,2.3,2.56,102.49,matched
14465,Namshi,dgz133,2025-10-05,2116576,2.3,2.56,102.49,matched
14465,Namshi,dgz133,2025-10-05,2116577,2.3,2.56,102.49,matched
14465,Namshi,dgz133,2025-10-05,2116578,2.3,2.56,102.49,matched
14465,Namshi,dgz133,2025-10-05,2116579,2.3,2.56,102.49,matched
14465,Namshi,dgz133,2025-10-05,2116580,2.3,2.56,102.49,matched
14465,Namshi,dgz133,2025-10-06,2117214,9.76,10.84,135.56,matched
14465,Namshi,dgz133,2025-10-06,2117215,9.76,10.84,135.56,matched
14465,Namshi,dgz133,2025-10-06,2117216,9.76,10.84,135.56,matched
14465,Namshi,dgz133,2025-10-06,2117562,3.27,3.63,145.02,matched
14465,Namshi,dgz133,2025-10-06,2117563,3.27,3.63,145.02,matched
14465,Namshi,dgz133,2025-10-06,2117564,3.27,3.63,145.02,matched
14465,Namshi,dgz133,2025-10-06,2117565,3.27,3.63,145.02,matched
14465,Namshi,dgz133,2025-10-06,2117566,3.27,3.63,145.02,matched
14465,Namshi,dgz133,2025-10-06,2117567,3.27,3.63,145.02,matched
14465,Namshi,dgz133,2025-10-06,2117568,3.27,3.63,145.02,matched
14465,Namshi,dgz133,2025-10-06,2117569,3.27,3.63,145.02,matched
14465,Namshi,dgz133,2025-10-06,2117570,3.27,3.63,145.02,matched
14465,Namshi,dgz133,2025-10-06,2117571,3.27,3.63,145.02,matched
14465,Namshi,dgz133,2025-10-07,2120805,4.91,5.45,68.09,matched
14465,Namshi,dgz133,2025-10-07,2120808,4.91,5.45,68.09,matched
14465,Namshi,dgz133,2025-10-07,2120990,1.8,2.0,79.91,matched
14465,Namshi,dgz133,2025-10-07,2120991,1.8,2.0,79.91,matched
14465,Namshi,dgz133,2025-10-07,2121066,1.8,2.0,79.91,matched
14465,Namshi,dgz133,2025-10-07,2121067,1.8,2.0,79.91,matched
14465,Namshi,dgz133,2025-10-07,2121339,1.8,2.0,79.91,matched
14465,Namshi,dgz133,2025-10-07,2121340,1.8,2.0,79.91,matched
14465,Namshi,dgz133,2025-10-07,2121341,1.8,2.0,79.91,matched
14465,Namshi,dgz133,2025-10-07,2121342,1.8,2.0,79.91,matched
14465,Namshi,dgz133,2025-10-08,2123864,8.6,9.55,119.36,matched
14465,Namshi,dgz133,2025-10-08,2124432,6.15,6.83,273.32,matched
14465,Namshi,dgz133,2025-10-08,2124433,6.15,6.83,273.32,matched
14465,Namshi,dgz133,2025-10-08,2124434,6.15,6.83,273.32,matched
14465,Namshi,dgz133,2025-10-08,2124435,6.15,6.83,273.32,matched
14465,Namshi,dgz133,2025-10-08,2124436,6.15,6.83,273.32,matched
14465,Namshi,dgz133,2025-10-08,2124437,6.15,6.83,273.32,matched
14465,Namshi,dgz133,2025-10-08,2124438,6.15,6.83,273.32,matched
14465,Namshi,dgz133,2025-10-08,2124439,6.15,6.83,273.32,matched
14465,Namshi,dgz133,2025-10-08,2124440,6.15,6.83,273.32,matched
14465,Namshi,dgz133,2025-10-09,2123803,9.32,10.36,129.51,matched
14465,Namshi,dgz133,2025-10-09,2123984,2.39,2.66,106.54,matched
14465,Namshi,dgz133,2025-10-09,2123985,2.39,2.66,106.54,matched
14465,Namshi,dgz133,2025-10-09,2123986,2.39,2.66,106.54,matched
14465,Namshi,dgz133,2025-10-09,2123987,2.39,2.66,106.54,matched
14465,Namshi,dgz133,2025-10-09,2123988,2.39,2.66,106.54,matched
14465,Namshi,dgz133,2025-10-09,2123989,2.39,2.66,106.54,matched
14465,Namshi,dgz133,2025-10-09,2123990,2.39,2.66,106.54,matched
14465,Namshi,dgz133,2025-10-09,2123991,2.39,2.66,106.54,matched
14465,Namshi,dgz133,2025-10-09,2123992,2.39,2.66,106.54,matched
14465,Namshi,dgz133,2025-10-09,2123993,2.39,2.66,106.54,matched
14465,Namshi,dgz133,2025-10-09,2123994,2.39,2.66,106.54,matched
14465,Namshi,dgz133,2025-10-09,2123995,2.39,2.66,106.54,matched
14465,Namshi,dgz133,2025-10-10,2126236,4.04,4.49,56.08,matched
14465,Namshi,dgz133,2025-10-10,2126237,4.04,4.49,56.08,matched
14465,Namshi,dgz133,2025-10-10,2126511,3.5,3.89,155.5,matched
14465,Namshi,dgz133,2025-10-10,2126512,3.5,3.89,155.5,matched
14465,Namshi,dgz133,2025-10-10,2126513,3.5,3.89,155.5,matched
14465,Namshi,dgz133,2025-10-10,2126514,3.5,3.89,155.5,matched
14465,Namshi,dgz133,2025-10-10,2126515,3.5,3.89,155.5,matched
14465,Namshi,dgz133,2025-10-10,2126516,3.5,3.89,155.5,matched
14465,Namshi,dgz133,2025-10-11,2129369,3.04,3.38,42.19,matched
14465,Namshi,dgz133,2025-10-11,2129534,2.16,2.4,95.85,matched
14465,Namshi,dgz133,2025-10-11,2129535,2.16,2.4,95.85,matched
14465,Namshi,dgz133,2025-10-11,2129536,2.16,2.4,95.85,matched
14465,Namshi,dgz133,2025-10-11,2129537,2.16,2.4,95.85,matched
14465,Namshi,dgz133,2025-10-11,2129538,2.16,2.4,95.85,matched
14465,Namshi,dgz133,2025-10-11,2129539,2.16,2.4,95.85,matched
14465,Namshi,dgz133,2025-10-11,2129540,2.16,2.4,95.85,matched
14465,Namshi,dgz133,2025-10-11,2129541,2.16,2.4,95.85,matched
14465,Namshi,dgz133,2025-10-11,2129542,2.16,2.4,95.85,matched
14465,Namshi,dgz133,2025-10-11,2129543,2.16,2.4,95.85,matched
14465,Namshi,dgz133,2025-10-11,2129544,2.16,2.4,95.85,matched
14465,Namshi,dgz133,2025-10-11,2129545,2.16,2.4,95.85,matched
14465,Namshi,dgz133,2025-10-11,2129546,2.16,2.4,95.85,matched
14465,Namshi,dgz133,2025-10-11,2129547,2.16,2.4,95.85,matched
14465,Namshi,dgz133,2025-10-11,2129548,2.16,2.4,95.85,matched
14465,Namshi,dgz133,2025-10-11,2129549,2.16,2.4,95.85,matched
14465,Namshi,dgz133,2025-10-12,2131180,5.93,6.59,82.38,matched
14465,Namshi,dgz133,2025-10-12,2131181,5.93,6.59,82.38,matched
14465,Namshi,dgz133,2025-10-12,2131484,2.44,2.71,108.3,matched
14465,Namshi,dgz133,2025-10-12,2131485,2.44,2.71,108.3,matched
14465,Namshi,dgz133,2025-10-12,2131486,2.44,2.71,108.3,matched
14465,Namshi,dgz133,2025-10-12,2131487,2.44,2.71,108.3,matched
14465,Namshi,dgz133,2025-10-12,2131488,2.44,2.71,108.3,matched
14465,Namshi,dgz133,2025-10-12,2131489,2.44,2.71,108.3,matched
14465,Namshi,dgz133,2025-10-12,2131490,2.44,2.71,108.3,matched
14465,Namshi,dgz133,2025-10-12,2131491,2.44,2.71,108.3,matched
14465,Namshi,dgz133,2025-10-12,2131492,2.44,2.71,108.3,matched
14465,Namshi,dgz133,2025-10-12,2131493,2.44,2.71,108.3,matched
14465,Namshi,dgz133,2025-10-12,2131494,2.44,2.71,108.3,matched
14465,Namshi,dgz133,2025-10-12,2131495,2.44,2.71,108.3,matched
14465,Namshi,dgz133,2025-10-12,2131496,2.44,2.71,108.3,matched
14465,Namshi,dgz133,2025-10-12,2131497,2.44,2.71,108.3,matched
14465,Namshi,dgz133,2025-10-12,2131498,2.44,2.71,108.3,matched
14465,Namshi,dgz133,2025-10-12,2131499,2.44,2.71,108.3,matched
14465,Namshi,dgz133,2025-10-13,2133091,12.98,14.42,180.25,matched
14465,Namshi,dgz133,2025-10-13,2133316,2.13,2.37,94.71,matched
14465,Namshi,dgz133,2025-10-13,2133317,2.13,2.37,94.71,matched
14465,Namshi,dgz133,2025-10-13,2133318,2.13,2.37,94.71,matched
14465,Namshi,dgz133,2025-10-13,2133319,2.13,2.37,94.71,matched
14465,Namshi,dgz133,2025-10-13,2133320,2.13,2.37,94.71,matched
14465,Namshi,dgz133,2025-10-13,2133321,2.13,2.37,94.71,matched
14465,Namshi,dgz133,2025-10-13,2133322,2.13,2.37,94.71,matched
14465,Namshi,dgz133,2025-10-13,2133323,2.13,2.37,94.71,matched
14465,Namshi,dgz133,2025-10-13,2133324,2.13,2.37,94.71,matched
14465,Namshi,dgz133,2025-10-13,2133325,2.13,2.37,94.71,matched
14465,Namshi,dgz133,2025-10-13,2133326,2.13,2.37,94.71,matched
14465,Namshi,dgz133,2025-10-13,2133327,2.13,2.37,94.71,matched
14465,Namshi,dgz133,2025-10-14,2136033,11.25,12.5,156.21,matched
14465,Namshi,dgz133,2025-10-14,2136212,2.29,2.55,101.94,matched
14465,Namshi,dgz133,2025-10-14,2136213,2.29,2.55,101.94,matched
14465,Namshi,dgz133,2025-10-14,2136214,2.29,2.55,101.94,matched
14465,Namshi,dgz133,2025-10-14,2136215,2.29,2.55,101.94,matched
14465,Namshi,dgz133,2025-10-14,2136216,2.29,2.55,101.94,matched
14465,Namshi,dgz133,2025-10-14,2136217,2.29,2.55,101.94,matched
14465,Namshi,dgz133,2025-10-14,2136218,2.29,2.55,101.94,matched
14465,Namshi,dgz133,2025-10-14,2136219,2.29,2.55,101.94,matched
14465,Namshi,dgz133,2025-10-14,2136220,2.29,2.55,101.94,matched
14465,Namshi,dgz133,2025-10-14,2136221,2.29,2.55,101.94,matched
14465,Namshi,dgz133,2025-10-14,2136222,2.29,2.55,101.94,matched
14465,Namshi,dgz133,2025-10-14,2136223,2.29,2.55,101.94,matched
14465,Namshi,dgz133,2025-10-15,2137777,14.07,15.64,195.47,matched
14465,Namshi,dgz133,2025-10-15,2137859,2.3,2.56,102.31,matched
14465,Namshi,dgz133,2025-10-15,2137860,2.3,2.56,102.31,matched
14465,Namshi,dgz133,2025-10-15,2137861,2.3,2.56,102.31,matched
14465,Namshi,dgz133,2025-10-15,2137862,2.3,2.56,102.31,matched
14465,Namshi,dgz133,2025-10-15,2137863,2.3,2.56,102.31,matched
14465,Namshi,dgz133,2025-10-15,2137864,2.3,2.56,102.31,matched
14465,Namshi,dgz133,2025-10-15,2137865,2.3,2.56,102.31,matched
14465,Namshi,dgz133,2025-10-16,2139185,1.94,2.16,86.29,matched
14465,Namshi,dgz133,2025-10-16,2139186,1.94,2.16,86.29,matched
14465,Namshi,dgz133,2025-10-16,2139187,1.94,2.16,86.29,matched
14465,Namshi,dgz133,2025-10-16,2139188,1.94,2.16,86.29,matched
14465,Namshi,dgz133,2025-10-16,2139189,1.94,2.16,86.29,matched
14465,Namshi,dgz133,2025-10-16,2139190,1.94,2.16,86.29,matched
14465,Namshi,dgz133,2025-10-16,2139191,1.94,2.16,86.29,matched
14465,Namshi,dgz133,2025-10-16,2139192,1.94,2.16,86.29,matched
14465,Namshi,dgz133,2025-10-16,2139193,1.94,2.16,86.29,matched
14465,Namshi,dgz133,2025-10-16,2139194,1.94,2.16,86.29,matched
14465,Namshi,dgz133,2025-10-16,2139195,1.94,2.16,86.29,matched
14465,Namshi,dgz133,2025-10-16,2139196,1.94,2.16,86.29,matched
14465,Namshi,dgz133,2025-10-16,2139197,1.94,2.16,86.29,matched
14465,Namshi,dgz133,2025-10-17,2139122,2.72,3.02,120.7,matched
14465,Namshi,dgz133,2025-10-17,2139123,2.72,3.02,120.7,matched
14465,Namshi,dgz133,2025-10-17,2139124,2.72,3.02,120.7,matched
14465,Namshi,dgz133,2025-10-17,2139125,2.72,3.02,120.7,matched
14465,Namshi,dgz133,2025-10-17,2139126,2.72,3.02,120.7,matched
14465,Namshi,dgz133,2025-10-17,2139127,2.72,3.02,120.7,matched
14465,Namshi,dgz133,2025-10-17,2139128,2.72,3.02,120.7,matched
14465,Namshi,dgz133,2025-10-17,2139129,2.72,3.02,120.7,matched
14465,Namshi,dgz133,2025-10-17,2139130,2.72,3.02,120.7,matched
14465,Namshi,dgz133,2025-10-18,2142893,12.77,14.18,177.31,matched
14465,Namshi,dgz133,2025-10-18,2142894,12.77,14.18,177.31,matched
14465,Namshi,dgz133,2025-10-18,2143130,3.44,3.83,153.09,matched
14465,Namshi,dgz133,2025-10-18,2143131,3.44,3.83,153.09,matched
14465,Namshi,dgz133,2025-10-18,2143132,3.44,3.83,153.09,matched
14465,Namshi,dgz133,2025-10-18,2143133,3.44,3.83,153.09,matched
14465,Namshi,dgz133,2025-10-18,2143134,3.44,3.83,153.09,matched
14465,Namshi,dgz133,2025-10-18,2143135,3.44,3.83,153.09,matched
14465,Namshi,dgz133,2025-10-18,2143136,3.44,3.83,153.09,matched
14465,Namshi,dgz133,2025-10-18,2143137,3.44,3.83,153.09,matched
14465,Namshi,dgz133,2025-10-18,2143138,3.44,3.83,153.09,matched
14465,Namshi,dgz133,2025-10-18,2143139,3.44,3.83,153.09,matched
14465,Namshi,dgz133,2025-10-18,2143140,3.44,3.83,153.09,matched
14465,Namshi,dgz133,2025-10-18,2143141,3.44,3.83,153.09,matched
14465,Namshi,dgz133,2025-10-18,2143142,3.44,3.83,153.09,matched
14465,Namshi,dgz133,2025-10-18,2143143,3.44,3.83,153.09,matched
14465,Namshi,dgz133,2025-10-18,2143144,3.44,3.83,153.09,matched
14465,Namshi,dgz133,2025-10-18,2143145,3.44,3.83,153.09,matched
14465,Namshi,dgz133,2025-10-19,2144666,2.0,2.22,27.77,matched
14465,Namshi,dgz133,2025-10-19,2145038,2.79,3.1,123.98,matched
14465,Namshi,dgz133,2025-10-19,2145039,2.79,3.1,123.98,matched
14465,Namshi,dgz133,2025-10-19,2145040,2.79,3.1,123.98,matched
14465,Namshi,dgz133,2025-10-19,2145041,2.79,3.1,123.98,matched
14465,Namshi,dgz133,2025-10-19,2145042,2.79,3.1,123.98,matched
14465,Namshi,dgz133,2025-10-19,2145043,2.79,3.1,123.98,matched
14465,Namshi,dgz133,2025-10-19,2145044,2.79,3.1,123.98,matched
14465,Namshi,dgz133,2025-10-19,2145045,2.79,3.1,123.98,matched
14465,Namshi,dgz133,2025-10-19,2145046,2.79,3.1,123.98,matched
14465,Namshi,dgz133,2025-10-19,2145047,2.79,3.1,123.98,matched
14465,Namshi,dgz133,2025-10-20,2144643,3.88,4.32,53.94,matched
14465,Namshi,dgz133,2025-10-20,2144869,1.86,2.06,82.55,matched
14465,Namshi,dgz133,2025-10-20,2144870,1.86,2.06,82.55,matched
14465,Namshi,dgz133,2025-10-20,2144871,1.86,2.06,82.55,matched
14465,Namshi,dgz133,2025-10-20,2144872,1.86,2.06,82.55,matched
14465,Namshi,dgz133,2025-10-20,2144873,1.86,2.06,82.55,matched
14465,Namshi,dgz133,2025-10-20,2144874,1.86,2.06,82.55,matched
14465,Namshi,dgz133,2025-10-20,2144875,1.86,2.06,82.55,matched
14465,Namshi,dgz133,2025-10-21,2146449,3.44,3.82,47.8,matched
14465,Namshi,dgz133,2025-10-21,2146642,2.09,2.33,93.06,matched
14465,Namshi,dgz133,2025-10-21,2146643,2.09,2.33,93.06,matched
14465,Namshi,dgz133,2025-10-21,2146644,2.09,2.33,93.06,matched
14465,Namshi,dgz133,2025-10-21,2146645,2.09,2.33,93.06,matched
14465,Namshi,dgz133,2025-10-21,2146646,2.09,2.33,93.06,matched
14465,Namshi,dgz133,2025-10-21,2146647,2.09,2.33,93.06,matched
14465,Namshi,dgz133,2025-10-21,2146648,2.09,2.33,93.06,matched
14465,Namshi,dgz133,2025-10-21,2146649,2.09,2.33,93.06,matched
14465,Namshi,dgz133,2025-10-22,2147921,7.83,8.69,108.68,matched
14465,Namshi,dgz133,2025-10-22,2148124,2.13,2.37,94.84,matched
14465,Namshi,dgz133,2025-10-22,2148125,2.13,2.37,94.84,matched
14465,Namshi,dgz133,2025-10-22,2148126,2.13,2.37,94.84,matched
14465,Namshi,dgz133,2025-10-22,2148127,2.13,2.37,94.84,matched
14465,Namshi,dgz133,2025-10-22,2148128,2.13,2.37,94.84,matched
14465,Namshi,dgz133,2025-10-22,2148129,2.13,2.37,94.84,matched
14465,Namshi,dgz133,2025-10-23,2149373,5.17,5.75,71.83,matched
14465,Namshi,dgz133,2025-10-23,2149455,3.93,4.36,174.57,matched
14465,Namshi,dgz133,2025-10-23,2149456,3.93,4.36,174.57,matched
14465,Namshi,dgz133,2025-10-23,2149457,3.93,4.36,174.57,matched
14465,Namshi,dgz133,2025-10-23,2149458,3.93,4.36,174.57,matched
14465,Namshi,dgz133,2025-10-24,2150867,13.35,14.84,185.45,matched
14465,Namshi,dgz133,2025-10-24,2150868,13.35,14.84,185.45,matched
14465,Namshi,dgz133,2025-10-24,2150952,3.37,3.75,149.8,matched
14465,Namshi,dgz133,2025-10-24,2150953,3.37,3.75,149.8,matched
14465,Namshi,dgz133,2025-10-24,2150954,3.37,3.75,149.8,matched
14465,Namshi,dgz133,2025-10-24,2150955,3.37,3.75,149.8,matched
14465,Namshi,dgz133,2025-10-24,2150956,3.37,3.75,149.8,matched
14465,Namshi,dgz133,2025-10-24,2150957,3.37,3.75,149.8,matched
14465,Namshi,dgz133,2025-10-24,2150958,3.37,3.75,149.8,matched
14465,Namshi,dgz133,2025-10-24,2150959,3.37,3.75,149.8,matched
14465,Namshi,dgz133,2025-10-24,2150960,3.37,3.75,149.8,matched
14465,Namshi,dgz133,2025-10-24,2150961,3.37,3.75,149.8,matched
14465,Namshi,dgz133,2025-10-24,2150962,3.37,3.75,149.8,matched
14465,Namshi,dgz133,2025-10-25,2152553,3.65,4.06,162.43,matched
14465,Namshi,dgz133,2025-10-25,2152554,3.65,4.06,162.43,matched
14465,Namshi,dgz133,2025-10-25,2152555,3.65,4.06,162.43,matched
14465,Namshi,dgz133,2025-10-25,2152556,3.65,4.06,162.43,matched
14465,Namshi,dgz133,2025-10-25,2152557,3.65,4.06,162.43,matched
14465,Namshi,dgz133,2025-10-25,2152558,3.65,4.06,162.43,matched
14465,Namshi,dgz133,2025-10-25,2152559,3.65,4.06,162.43,matched
14465,Namshi,dgz133,2025-10-26,2152330,6.09,6.77,84.65,matched
14465,New Balance ,vxmx,2025-10-04,2116132,3.52,3.91,130.25,matched
14465,New Balance ,vxmx,2025-10-09,2123298,5.49,6.1,203.19,matched
14465,Noon GCC,auc84,2025-10-01,2104893,2.45,2.72,33.23,matched
14465,Noon GCC,auc84,2025-10-01,2104894,2.45,2.72,33.23,matched
14465,Noon GCC,auc84,2025-10-01,2104895,2.45,2.72,33.23,matched
14465,Noon GCC,auc84,2025-10-01,2104896,2.45,2.72,33.23,matched
14465,Noon GCC,auc84,2025-10-01,2105079,2.45,2.72,104.23,matched
14465,Noon GCC,auc84,2025-10-02,2106579,3.67,4.08,34.31,matched
14465,Noon GCC,auc84,2025-10-02,2106740,2.45,2.72,27.25,matched
14465,Noon GCC,auc84,2025-10-02,2106741,2.45,2.72,27.25,matched
14465,Noon GCC,auc84,2025-10-02,2106742,2.45,2.72,27.25,matched
14465,Noon GCC,auc84,2025-10-02,2106743,2.45,2.72,27.25,matched
14465,Noon GCC,auc84,2025-10-03,2108233,3.67,4.08,19.76,matched
14465,Noon GCC,auc84,2025-10-03,2108379,2.45,2.72,17.3,matched
14465,Noon GCC,auc84,2025-10-03,2108438,2.45,2.72,18.48,matched
14465,Noon GCC,auc84,2025-10-03,2108503,2.45,2.72,35.14,matched
14465,Noon GCC,auc84,2025-10-03,2108504,2.45,2.72,35.14,matched
14465,Noon GCC,auc84,2025-10-03,2108505,2.45,2.72,35.14,matched
14465,Noon GCC,auc84,2025-10-03,2108506,2.45,2.72,35.14,matched
14465,Noon GCC,auc84,2025-10-03,2108507,2.45,2.72,35.14,matched
14465,Noon GCC,auc84,2025-10-03,2108508,2.45,2.72,35.14,matched
14465,Noon GCC,auc84,2025-10-03,2108509,2.45,2.72,35.14,matched
14465,Noon GCC,auc84,2025-10-03,2108510,2.45,2.72,35.14,matched
14465,Noon GCC,auc84,2025-10-03,2108526,2.45,2.72,29.79,matched
14465,Noon GCC,auc84,2025-10-04,2109724,2.45,2.72,59.92,matched
14465,Noon GCC,auc84,2025-10-04,2109725,2.45,2.72,59.92,matched
14465,Noon GCC,auc84,2025-10-04,2109726,2.45,2.72,59.92,matched
14465,Noon GCC,auc84,2025-10-04,2109862,2.45,2.72,51.81,matched
14465,Noon GCC,auc84,2025-10-04,2109863,2.45,2.72,51.81,matched
14465,Noon GCC,auc84,2025-10-04,2109864,2.45,2.72,51.81,matched
14465,Noon GCC,auc84,2025-10-04,2109865,2.45,2.72,51.81,matched
14465,Noon GCC,auc84,2025-10-04,2109866,2.45,2.72,51.81,matched
14465,Noon GCC,auc84,2025-10-04,2109867,2.45,2.72,51.81,matched
14465,Noon GCC,auc84,2025-10-04,2109868,2.45,2.72,51.81,matched
14465,Noon GCC,auc84,2025-10-04,2109869,2.45,2.72,51.81,matched
14465,Noon GCC,auc84,2025-10-04,2109870,2.45,2.72,51.81,matched
14465,Noon GCC,auc84,2025-10-04,2109871,2.45,2.72,51.81,matched
14465,Noon GCC,auc84,2025-10-04,2109872,2.45,2.72,51.81,matched
14465,Noon GCC,auc84,2025-10-04,2109873,2.45,2.72,51.81,matched
14465,Noon GCC,auc84,2025-10-05,2115486,2.45,2.72,74.29,matched
14465,Noon GCC,auc84,2025-10-05,2115487,2.45,2.72,74.29,matched
14465,Noon GCC,auc84,2025-10-05,2115488,2.45,2.72,74.29,matched
14465,Noon GCC,auc84,2025-10-05,2115489,2.45,2.72,74.29,matched
14465,Noon GCC,auc84,2025-10-05,2115490,2.45,2.72,74.29,matched
14465,Noon GCC,auc84,2025-10-05,2115577,2.45,2.72,10.01,matched
14465,Noon GCC,auc84,2025-10-06,2118235,2.45,2.72,24.7,matched
14465,Noon GCC,auc84,2025-10-06,2118236,2.45,2.72,24.7,matched
14465,Noon GCC,auc84,2025-10-06,2118237,2.45,2.72,24.7,matched
14465,Noon GCC,auc84,2025-10-06,2118238,2.45,2.72,24.7,matched
14465,Noon GCC,auc84,2025-10-06,2118239,2.45,2.72,24.7,matched
14465,Noon GCC,auc84,2025-10-06,2118240,2.45,2.72,24.7,matched
14465,Noon GCC,auc84,2025-10-06,2118241,2.45,2.72,24.7,matched
14465,Noon GCC,auc84,2025-10-06,2118242,2.45,2.72,24.7,matched
14465,Noon GCC,auc84,2025-10-06,2118243,2.45,2.72,24.7,matched
14465,Noon GCC,auc84,2025-10-06,2118244,2.45,2.72,24.7,matched
14465,Noon GCC,auc84,2025-10-06,2118245,2.45,2.72,24.7,matched
14465,Noon GCC,auc84,2025-10-06,2118246,2.45,2.72,24.7,matched
14465,Noon GCC,auc84,2025-10-07,2121858,2.45,2.72,39.79,matched
14465,Noon GCC,auc84,2025-10-07,2122118,2.45,2.72,33.5,matched
14465,Noon GCC,auc84,2025-10-07,2122119,2.45,2.72,33.5,matched
14465,Noon GCC,auc84,2025-10-07,2122120,2.45,2.72,33.5,matched
14465,Noon GCC,auc84,2025-10-07,2122121,2.45,2.72,33.5,matched
14465,Noon GCC,auc84,2025-10-07,2122122,2.45,2.72,33.5,matched
14465,Noon GCC,auc84,2025-10-07,2122123,2.45,2.72,33.5,matched
14465,Noon GCC,auc84,2025-10-08,2125074,2.45,2.72,9.87,matched
14465,Noon GCC,auc84,2025-10-09,2124534,3.67,4.08,10.65,matched
14465,Noon GCC,auc84,2025-10-09,2124890,2.45,2.72,47.48,matched
14465,Noon GCC,auc84,2025-10-09,2124891,2.45,2.72,47.48,matched
14465,Noon GCC,auc84,2025-10-10,2126608,3.67,4.08,18.64,matched
14465,Noon GCC,auc84,2025-10-10,2126785,2.45,2.72,72.58,matched
14465,Noon GCC,auc84,2025-10-10,2126786,2.45,2.72,72.58,matched
14465,Noon GCC,auc84,2025-10-10,2126787,2.45,2.72,72.58,matched
14465,Noon GCC,auc84,2025-10-10,2126788,2.45,2.72,72.58,matched
14465,Noon GCC,auc84,2025-10-10,2126789,2.45,2.72,72.58,matched
14465,Noon GCC,auc84,2025-10-11,2128204,2.45,2.72,9.21,matched
14465,Noon GCC,auc84,2025-10-12,2131920,2.45,2.72,31.29,matched
14465,Noon GCC,auc84,2025-10-12,2131921,2.45,2.72,31.29,matched
14465,Noon GCC,auc84,2025-10-12,2131922,2.45,2.72,31.29,matched
14465,Noon GCC,auc84,2025-10-12,2131923,2.45,2.72,31.29,matched
14465,Noon GCC,auc84,2025-10-12,2131924,2.45,2.72,31.29,matched
14465,Noon GCC,auc84,2025-10-12,2131925,2.45,2.72,31.29,matched
14465,Noon GCC,auc84,2025-10-12,2131926,2.45,2.72,31.29,matched
14465,Noon GCC,auc84,2025-10-12,2131927,2.45,2.72,31.29,matched
14465,Noon GCC,auc84,2025-10-13,2133842,2.45,2.72,191.36,matched
14465,Noon GCC,auc84,2025-10-13,2133843,2.45,2.72,191.36,matched
14465,Noon GCC,auc84,2025-10-13,2133844,2.45,2.72,191.36,matched
14465,Noon GCC,auc84,2025-10-13,2133845,2.45,2.72,191.36,matched
14465,Noon GCC,auc84,2025-10-13,2133846,2.45,2.72,191.36,matched
14465,Noon GCC,auc84,2025-10-13,2134176,2.45,2.72,7.21,matched
14465,Noon GCC,auc84,2025-10-14,2136900,2.45,2.72,21.61,matched
14465,Noon GCC,auc84,2025-10-14,2136901,2.45,2.72,21.61,matched
14465,Noon GCC,auc84,2025-10-15,2136507,2.45,2.72,38.47,matched
14465,Noon GCC,auc84,2025-10-15,2136508,2.45,2.72,38.47,matched
14465,Noon GCC,auc84,2025-10-15,2136509,2.45,2.72,38.47,matched
14465,Noon GCC,auc84,2025-10-15,2136510,2.45,2.72,38.47,matched
14465,Noon GCC,auc84,2025-10-15,2136514,2.45,2.72,6.68,matched
14465,Noon GCC,auc84,2025-10-15,2136521,2.45,2.72,332.49,matched
14465,Noon GCC,auc84,2025-10-16,2139954,2.45,2.72,39.9,matched
14465,Noon GCC,auc84,2025-10-16,2139955,2.45,2.72,39.9,matched
14465,Noon GCC,auc84,2025-10-16,2139956,2.45,2.72,39.9,matched
14465,Noon GCC,auc84,2025-10-17,2139681,2.45,2.72,25.36,matched
14465,Noon GCC,auc84,2025-10-17,2139682,2.45,2.72,25.36,matched
14465,Noon GCC,auc84,2025-10-18,2143598,2.45,2.72,9.83,matched
14465,Noon GCC,auc84,2025-10-18,2143599,2.45,2.72,9.83,matched
14465,Noon GCC,auc84,2025-10-18,2143890,2.45,2.72,27.72,matched
14465,Noon GCC,auc84,2025-10-19,2143378,2.45,2.72,16.96,matched
14465,Noon GCC,auc84,2025-10-19,2143379,2.45,2.72,16.96,matched
14465,Noon GCC,auc84,2025-10-19,2143594,2.45,2.72,36.24,matched
14465,Noon GCC,auc84,2025-10-19,2143595,2.45,2.72,36.24,matched
14465,Noon GCC,auc84,2025-10-20,2145396,2.45,2.72,122.57,matched
14465,Noon GCC,auc84,2025-10-20,2145422,2.45,2.72,21.12,matched
14465,Noon GCC,auc84,2025-10-20,2145423,2.45,2.72,21.12,matched
14465,Noon GCC,auc84,2025-10-20,2145424,2.45,2.72,21.12,matched
14465,Noon GCC,auc84,2025-10-20,2145425,2.45,2.72,21.12,matched
14465,Noon GCC,auc84,2025-10-21,2146765,3.67,4.08,11.43,matched
14465,Noon GCC,auc84,2025-10-21,2147067,2.45,2.72,48.71,matched
14465,Noon GCC,auc84,2025-10-21,2147068,2.45,2.72,48.71,matched
14465,Noon GCC,auc84,2025-10-21,2147069,2.45,2.72,48.71,matched
14465,Noon GCC,auc84,2025-10-21,2147070,2.45,2.72,48.71,matched
14465,Noon GCC,auc84,2025-10-21,2147071,2.45,2.72,48.71,matched
14465,Noon GCC,auc84,2025-10-22,2148487,2.45,2.72,516.05,matched
14465,Noon GCC,auc84,2025-10-22,2148488,2.45,2.72,516.05,matched
14465,Noon GCC,auc84,2025-10-22,2148489,2.45,2.72,516.05,matched
14465,Noon GCC,auc84,2025-10-23,2149798,2.45,2.72,106.54,matched
14465,Noon GCC,auc84,2025-10-23,2150084,2.45,2.72,44.54,matched
14465,Noon GCC,auc84,2025-10-23,2150085,2.45,2.72,44.54,matched
14465,Noon GCC,auc84,2025-10-23,2150086,2.45,2.72,44.54,matched
14465,Noon GCC,auc84,2025-10-24,2151297,2.45,2.72,36.92,matched
14465,Noon GCC,auc84,2025-10-24,2151298,2.45,2.72,36.92,matched
14465,Noon GCC,auc84,2025-10-24,2151299,2.45,2.72,36.92,matched
14465,Noon GCC,auc84,2025-10-25,2152758,2.45,2.72,47.57,matched
14465,Noon GCC,auc84,2025-10-25,2152759,2.45,2.72,47.57,matched
14465,Noon GCC,auc84,2025-10-25,2152760,2.45,2.72,47.57,matched
14465,Noon GCC,auc84,2025-10-25,2152761,2.45,2.72,47.57,matched
14465,Noon GCC,auc84,2025-10-25,2152762,2.45,2.72,47.57,matched
14465,Noon GCC,auc84,2025-10-25,2152763,2.45,2.72,47.57,matched
14465,Noon GCC,auc84,2025-10-25,2152764,2.45,2.72,47.57,matched
14465,Noon GCC,auc84,2025-10-25,2152765,2.45,2.72,47.57,matched
14465,Noon GCC,auc84,2025-10-25,2152766,2.45,2.72,47.57,matched
14465,Noon GCC,auc84,2025-10-25,2152767,2.45,2.72,47.57,matched
14465,Noon GCC,auc84,2025-10-25,2152774,2.45,2.72,549.81,matched
14465,Noon GCC,auc84,2025-10-26,2152699,2.45,2.72,106.54,matched
14465,Osma,dz1,2025-10-08,2137362,1.81,2.01,40.17,matched
14465,Osma,dz1,2025-10-11,2137363,1.75,1.95,39.0,matched
14465,Pottery Barn Kids,vmzc,2025-10-22,2147490,37.12,41.25,412.46,matched
14465,Rasees,rs53,2025-10-12,2136951,9.97,11.08,85.23,matched
14465,Reef Perfumes,dd4,2025-10-01,2137207,4.31,4.79,68.46,matched
14465,Reef Perfumes,dd4,2025-10-02,2137208,4.31,4.79,68.45,matched
14465,Reef Perfumes,dd4,2025-10-03,2137209,4.31,4.79,68.45,matched
14465,Reef Perfumes,dd4,2025-10-07,2137210,8.24,9.16,130.79,matched
14465,Reef Perfumes,dd4,2025-10-10,2137211,3.5,3.89,55.54,matched
14465,Reef Perfumes,dd4,2025-10-16,2147327,4.08,4.54,64.83,matched
14465,Reef Perfumes,dd4,2025-10-20,2147405,1.36,1.51,21.54,matched
14465,Styli,r199,2025-10-01,2104426,1.23,1.36,13.62,matched
14465,Styli,r199,2025-10-01,2104428,3.91,4.34,43.44,matched
14465,Styli,r199,2025-10-01,2104429,3.14,3.49,34.91,matched
14465,Styli,r199,2025-10-02,2106180,5.0,5.55,55.52,matched
14465,Styli,r199,2025-10-03,2107852,2.27,2.52,25.17,matched
14465,Styli,r199,2025-10-05,2115294,1.41,1.56,15.62,matched
14465,Styli,r199,2025-10-05,2115295,7.76,8.62,86.18,matched
14465,Styli,r199,2025-10-05,2115296,3.46,3.85,38.5,matched
14465,Styli,r199,2025-10-05,2115297,5.31,5.9,59.03,matched
14465,Styli,r199,2025-10-06,2117160,11.53,12.81,128.09,matched
14465,Styli,r199,2025-10-06,2117161,3.52,3.91,39.09,matched
14465,Styli,r199,2025-10-07,2120935,3.71,4.12,41.22,matched
14465,Styli,r199,2025-10-07,2120936,1.01,1.13,11.26,matched
14465,Styli,r199,2025-10-07,2120937,3.71,4.12,41.22,matched
14465,Styli,r199,2025-10-07,2120938,2.21,2.46,24.59,matched
14465,Styli,r199,2025-10-08,2120941,4.6,5.12,51.17,matched
14465,Styli,r199,2025-10-09,2123777,4.86,5.4,54.02,matched
14465,Sun & Sands,dgs79,2025-10-01,2103968,7.4,8.23,137.11,matched
14465,Sun & Sands,dgs79,2025-10-01,2103978,5.52,6.14,102.25,matched
14465,Sun & Sands,dgs79,2025-10-02,2105708,4.57,5.07,84.55,matched
14465,Sun & Sands,dgs79,2025-10-02,2105711,6.82,7.58,126.38,matched
14465,Sun & Sands,dgs79,2025-10-02,2105717,6.82,7.58,126.38,matched
14465,Sun & Sands,dgs79,2025-10-03,2107268,8.14,9.05,150.77,matched
14465,Sun & Sands,dgs79,2025-10-03,2107272,6.21,6.9,115.01,matched
14465,Sun & Sands,dgs79,2025-10-03,2107278,6.82,7.58,126.38,matched
14465,Sun & Sands,dgs79,2025-10-04,2110138,6.82,7.58,126.38,matched
14465,Sun & Sands,dgs79,2025-10-04,2110140,3.31,3.68,61.29,matched
14465,Sun & Sands,dgs79,2025-10-06,2119033,4.18,4.64,77.38,matched
14465,Sun & Sands,dgs79,2025-10-08,2120480,3.55,3.94,65.68,matched
14465,Sun & Sands,dgs79,2025-10-08,2120490,5.05,5.61,93.48,matched
14465,Sun & Sands,dgs79,2025-10-09,2125600,5.77,6.41,106.88,matched
14465,Sun & Sands,dgs79,2025-10-09,2125601,11.72,13.03,217.08,matched
14465,Sun & Sands,dgs79,2025-10-10,2125591,5.05,5.61,93.48,matched
14465,Sun & Sands,dgs79,2025-10-11,2127299,7.25,8.06,134.35,matched
14465,Sun & Sands,dgs79,2025-10-12,2128758,5.02,5.57,92.89,matched
14465,Sun & Sands,dgs79,2025-10-12,2128773,6.39,7.1,118.26,matched
14465,Sun & Sands,dgs79,2025-10-13,2130693,57.87,64.3,1071.6,matched
14465,Sun & Sands,dgs79,2025-10-13,2130698,14.91,16.57,276.2,matched
14465,Sun & Sands,dgs79,2025-10-23,2148934,5.52,6.14,102.25,matched
14465,Sun & Sands,dgs79,2025-10-24,2150349,2.96,3.29,54.86,matched
14465,Sun & Sands,dgs79,2025-10-24,2150350,12.34,13.71,228.46,matched
14465,Sun & Sands,dgs79,2025-10-25,2151844,8.14,9.05,150.77,matched
14465,ToYou,tdd40,2025-10-01,2104770,0.48,0.5,0.0,matched
14465,ToYou,tdd40,2025-10-01,2104782,0.48,0.5,0.0,matched
14465,ToYou,tdd39,2025-10-01,2104791,0.48,0.5,0.0,matched
14465,ToYou,tdd39,2025-10-01,2104802,9.5,10.0,0.0,not matched
14465,ToYou,gy96,2025-10-01,2104807,9.5,10.0,0.0,matched
14465,ToYou,tdd40,2025-10-01,2104809,9.5,10.0,0.0,not matched
14465,ToYou,gy96,2025-10-02,2106479,9.5,10.0,0.0,matched
14465,ToYou,tdd39,2025-10-02,2106480,9.5,10.0,0.0,not matched
14465,ToYou,gy96,2025-10-02,2106488,9.5,10.0,0.0,matched
14465,ToYou,tdd40,2025-10-02,2106493,0.48,0.5,0.0,matched
14465,ToYou,tdd40,2025-10-02,2106509,0.48,0.5,0.0,matched
14465,ToYou,tdd39,2025-10-02,2106511,0.48,0.5,0.0,matched
14465,ToYou,gy96,2025-10-02,2106519,9.5,10.0,0.0,matched
14465,ToYou,tdd40,2025-10-02,2106525,0.48,0.5,0.0,matched
14465,ToYou,tdd39,2025-10-02,2106526,0.48,0.5,0.0,matched
14465,ToYou,gy96,2025-10-02,2106529,9.5,10.0,0.0,matched
14465,ToYou,tdd39,2025-10-02,2106531,0.48,0.5,0.0,matched
14465,ToYou,tdd40,2025-10-02,2106533,9.5,10.0,0.0,not matched
14465,ToYou,gy96,2025-10-03,2108159,9.5,10.0,0.0,matched
14465,ToYou,gy96,2025-10-03,2108164,9.5,10.0,0.0,matched
14465,ToYou,tdd40,2025-10-03,2108167,0.48,0.5,0.0,matched
14465,ToYou,tdd40,2025-10-03,2108177,9.5,10.0,0.0,not matched
14465,ToYou,gy96,2025-10-03,2108185,9.5,10.0,0.0,matched
14465,ToYou,tdd40,2025-10-03,2108197,0.48,0.5,0.0,matched
14465,ToYou,tdd39,2025-10-03,2108203,0.48,0.5,0.0,matched
14465,ToYou,tdd39,2025-10-03,2108207,9.5,10.0,0.0,not matched
14465,ToYou,tdd39,2025-10-03,2108208,0.48,0.5,0.0,matched
14465,ToYou,gy96,2025-10-04,2109427,9.5,10.0,0.0,matched
14465,ToYou,gy96,2025-10-04,2109430,9.5,10.0,0.0,matched
14465,ToYou,tdd39,2025-10-04,2109431,0.48,0.5,0.0,matched
14465,ToYou,tdd40,2025-10-04,2109435,0.48,0.5,0.0,matched
14465,ToYou,gy96,2025-10-04,2109436,9.5,10.0,0.0,matched
14465,ToYou,gy96,2025-10-04,2109437,9.5,10.0,0.0,matched
14465,ToYou,gy96,2025-10-04,2109446,9.5,10.0,0.0,matched
14465,ToYou,gy96,2025-10-04,2109447,9.5,10.0,0.0,matched
14465,ToYou,gy96,2025-10-04,2109448,9.5,10.0,0.0,matched
14465,ToYou,gy96,2025-10-04,2109450,9.5,10.0,0.0,matched
14465,ToYou,tdd40,2025-10-04,2109458,0.48,0.5,0.0,matched
14465,ToYou,tdd40,2025-10-04,2109461,0.48,0.5,0.0,matched
14465,ToYou,gy96,2025-10-05,2115316,9.5,10.0,0.0,matched
14465,ToYou,tdd40,2025-10-05,2115320,0.48,0.5,0.0,matched
14465,ToYou,tdd40,2025-10-05,2115321,0.48,0.5,0.0,matched
14465,ToYou,gy96,2025-10-05,2115330,9.5,10.0,0.0,matched
14465,ToYou,tdd39,2025-10-05,2115331,9.5,10.0,0.0,not matched
14465,ToYou,tdd40,2025-10-05,2115336,0.48,0.5,0.0,matched
14465,ToYou,gy96,2025-10-05,2115343,9.5,10.0,0.0,matched
14465,ToYou,gy96,2025-10-05,2115349,9.5,10.0,0.0,matched
14465,ToYou,gy96,2025-10-06,2117620,9.5,10.0,0.0,matched
14465,ToYou,gy96,2025-10-06,2117634,9.5,10.0,0.0,matched
14465,ToYou,gy96,2025-10-06,2117638,9.5,10.0,0.0,matched
14465,ToYou,gy96,2025-10-06,2117641,9.5,10.0,0.0,matched
14465,ToYou,tdd39,2025-10-06,2117642,0.48,0.5,0.0,matched
14465,ToYou,gy96,2025-10-06,2117651,9.5,10.0,0.0,matched
14465,ToYou,gy96,2025-10-07,2122731,9.5,10.0,0.0,matched
14465,ToYou,tdd39,2025-10-07,2122734,0.48,0.5,0.0,matched
14465,ToYou,gy96,2025-10-07,2122739,9.5,10.0,0.0,matched
14465,ToYou,gy96,2025-10-07,2122745,9.5,10.0,0.0,matched
14465,ToYou,tdd39,2025-10-07,2122746,0.48,0.5,0.0,matched
14465,ToYou,tdd39,2025-10-07,2122755,0.48,0.5,0.0,matched
14465,ToYou,tdd40,2025-10-07,2122758,0.48,0.5,0.0,matched
14465,ToYou,tdd39,2025-10-07,2122766,0.48,0.5,0.0,matched
14465,ToYou,gy96,2025-10-07,2122773,0.48,0.5,0.0,not matched
14465,ToYou,tdd40,2025-10-08,2121418,9.5,10.0,0.0,not matched
14465,ToYou,tdd41,2025-10-08,2121427,0.48,0.5,0.0,matched
14465,ToYou,tdd39,2025-10-08,2121438,0.48,0.5,0.0,matched
14465,ToYou,gy96,2025-10-08,2121442,0.48,0.5,0.0,not matched
14465,ToYou,gy96,2025-10-08,2121450,9.5,10.0,0.0,matched
14465,ToYou,gy96,2025-10-08,2121459,9.5,10.0,0.0,matched
14465,ToYou,gy96,2025-10-08,2121460,9.5,10.0,0.0,matched
14465,ToYou,gy96,2025-10-09,2124463,9.5,10.0,0.0,matched
14465,ToYou,tdd39,2025-10-09,2124480,9.5,10.0,0.0,not matched
14465,ToYou,tdd39,2025-10-09,2124481,0.48,0.5,0.0,matched
14465,ToYou,tdd39,2025-10-09,2124491,0.48,0.5,0.0,matched
14465,ToYou,gy96,2025-10-09,2124498,9.5,10.0,0.0,matched
14465,ToYou,tdd40,2025-10-09,2124508,9.5,10.0,0.0,not matched
14465,ToYou,gy96,2025-10-09,2124509,9.5,10.0,0.0,matched
14465,ToYou,tdd40,2025-10-10,2126548,0.48,0.5,0.0,matched
14465,ToYou,tdd40,2025-10-10,2126555,9.5,10.0,0.0,not matched
14465,ToYou,sd166,2025-10-10,2126557,0.48,0.5,0.0,matched
14465,ToYou,gy96,2025-10-10,2126558,9.5,10.0,0.0,matched
14465,ToYou,tdd40,2025-10-10,2126559,0.48,0.5,0.0,matched
14465,ToYou,tdd39,2025-10-10,2126566,0.48,0.5,0.0,matched
14465,ToYou,gy96,2025-10-10,2126573,9.5,10.0,0.0,matched
14465,ToYou,gy96,2025-10-10,2126581,9.5,10.0,0.0,matched
14465,ToYou,tdd40,2025-10-10,2126583,0.48,0.5,0.0,matched
14465,ToYou,tdd40,2025-10-10,2126585,0.48,0.5,0.0,matched
14465,ToYou,tdd40,2025-10-10,2126594,9.5,10.0,0.0,not matched
14465,ToYou,gy96,2025-10-11,2127923,9.5,10.0,0.0,matched
14465,ToYou,tdd41,2025-10-11,2127925,0.48,0.5,0.0,matched
14465,ToYou,gy96,2025-10-11,2127936,9.5,10.0,0.0,matched
14465,ToYou,gy96,2025-10-11,2127950,9.5,10.0,0.0,matched
14465,ToYou,tdd40,2025-10-11,2127962,9.5,10.0,0.0,not matched
14465,ToYou,tdd40,2025-10-11,2127973,0.48,0.5,0.0,matched
14465,ToYou,tdd39,2025-10-11,2127976,0.48,0.5,0.0,matched
14465,ToYou,gy96,2025-10-11,2127981,9.5,10.0,0.0,matched
14465,ToYou,gy96,2025-10-12,2129723,9.5,10.0,0.0,matched
14465,ToYou,tdd39,2025-10-12,2129726,0.48,0.5,0.0,matched
14465,ToYou,tdd39,2025-10-12,2129732,9.5,10.0,0.0,not matched
14465,ToYou,tdd40,2025-10-12,2129738,9.5,10.0,0.0,not matched
14465,ToYou,gy96,2025-10-12,2129744,9.5,10.0,0.0,matched
14465,ToYou,tdd39,2025-10-12,2129748,0.48,0.5,0.0,matched
14465,ToYou,tdd39,2025-10-12,2129752,0.48,0.5,0.0,matched
14465,ToYou,gy96,2025-10-12,2129754,9.5,10.0,0.0,matched
14465,ToYou,tdd41,2025-10-12,2129759,0.48,0.5,0.0,matched
14465,ToYou,tdd39,2025-10-12,2129771,0.48,0.5,0.0,matched
14465,ToYou,tdd40,2025-10-13,2147254,9.5,10.0,0.0,not matched
14465,ToYou,tdd39,2025-10-13,2147268,0.48,0.5,0.0,matched
14465,ToYou,tdd40,2025-10-13,2147272,0.48,0.5,0.0,matched
14465,ToYou,gy96,2025-10-13,2147279,9.5,10.0,0.0,matched
14465,ToYou,tdd40,2025-10-13,2147284,0.48,0.5,0.0,matched
14465,ToYou,tdd40,2025-10-13,2147290,0.48,0.5,0.0,matched
14465,ToYou,tdd40,2025-10-14,2133438,0.48,0.5,0.0,matched
14465,ToYou,gy96,2025-10-14,2133444,9.5,10.0,0.0,matched
14465,ToYou,tdd39,2025-10-14,2133446,9.5,10.0,0.0,not matched
14465,ToYou,gy96,2025-10-14,2133453,9.5,10.0,0.0,matched
14465,ToYou,gy96,2025-10-14,2133464,9.5,10.0,0.0,matched
14465,ToYou,tdd39,2025-10-15,2135242,9.5,10.0,0.0,not matched
14465,ToYou,gy96,2025-10-15,2135243,0.48,0.5,0.0,not matched
14465,ToYou,gy96,2025-10-15,2135246,9.5,10.0,0.0,matched
14465,ToYou,gy96,2025-10-15,2135251,9.5,10.0,0.0,matched
14465,ToYou,tdd40,2025-10-15,2135255,0.48,0.5,0.0,matched
14465,ToYou,gy96,2025-10-15,2135264,9.5,10.0,0.0,matched
14465,ToYou,tdd39,2025-10-15,2135273,0.48,0.5,0.0,matched
14465,ToYou,gy96,2025-10-15,2135277,9.5,10.0,0.0,matched
14465,ToYou,tdd39,2025-10-15,2135278,0.48,0.5,0.0,matched
14465,ToYou,tdd40,2025-10-15,2135282,0.48,0.5,0.0,matched
14465,ToYou,tdd39,2025-10-16,2147308,0.48,0.5,0.0,matched
14465,ToYou,tdd39,2025-10-16,2147319,0.48,0.5,0.0,matched
14465,ToYou,gy96,2025-10-16,2147320,9.5,10.0,0.0,matched
14465,ToYou,tdd40,2025-10-16,2147324,0.48,0.5,0.0,matched
14465,ToYou,gy96,2025-10-16,2147325,9.5,10.0,0.0,matched
14465,ToYou,gy96,2025-10-17,2139413,9.5,10.0,0.0,matched
14465,ToYou,tdd40,2025-10-17,2139419,0.48,0.5,0.0,matched
14465,ToYou,tdd40,2025-10-17,2139432,0.48,0.5,0.0,matched
14465,ToYou,tdd39,2025-10-17,2139433,9.5,10.0,0.0,not matched
14465,ToYou,gy96,2025-10-17,2139441,9.5,10.0,0.0,matched
14465,ToYou,tdd39,2025-10-17,2139444,0.48,0.5,0.0,matched
14465,ToYou,gy96,2025-10-17,2139446,9.5,10.0,0.0,matched
14465,ToYou,tdd39,2025-10-17,2139449,9.5,10.0,0.0,not matched
14465,ToYou,gy96,2025-10-18,2147217,9.5,10.0,0.0,matched
14465,ToYou,gy96,2025-10-18,2147221,9.5,10.0,0.0,matched
14465,ToYou,tdd39,2025-10-18,2147228,9.5,10.0,0.0,not matched
14465,ToYou,gy96,2025-10-18,2147236,9.5,10.0,0.0,matched
14465,ToYou,tdd40,2025-10-19,2143214,9.5,10.0,0.0,not matched
14465,ToYou,tdd40,2025-10-19,2143223,0.48,0.5,0.0,matched
14465,ToYou,gy96,2025-10-20,2145129,9.5,10.0,0.0,matched
14465,ToYou,gy96,2025-10-20,2145147,9.5,10.0,0.0,matched
14465,ToYou,gy96,2025-10-20,2145155,9.5,10.0,0.0,matched
14465,ToYou,gy96,2025-10-20,2145157,9.5,10.0,0.0,matched
14465,ToYou,tdd39,2025-10-20,2145160,0.48,0.5,0.0,matched
14465,ToYou,gy96,2025-10-21,2146700,9.5,10.0,0.0,matched
14465,ToYou,tdd40,2025-10-21,2146706,0.48,0.5,0.0,matched
14465,ToYou,gy96,2025-10-21,2146708,9.5,10.0,0.0,matched
14465,ToYou,gy96,2025-10-21,2146723,9.5,10.0,0.0,matched
14465,ToYou,gy96,2025-10-21,2146724,9.5,10.0,0.0,matched
14465,ToYou,tdd39,2025-10-21,2146735,0.48,0.5,0.0,matched
14465,ToYou,gy96,2025-10-21,2146736,9.5,10.0,0.0,matched
14465,ToYou,tdd39,2025-10-22,2148170,0.48,0.5,0.0,matched
14465,ToYou,gy96,2025-10-22,2148174,9.5,10.0,0.0,matched
14465,ToYou,gy96,2025-10-22,2148187,9.5,10.0,0.0,matched
14465,ToYou,gy96,2025-10-22,2148188,9.5,10.0,0.0,matched
14465,ToYou,tdd40,2025-10-22,2148193,0.48,0.5,0.0,matched
14465,ToYou,tdd39,2025-10-23,2149600,0.48,0.5,0.0,matched
14465,ToYou,tdd39,2025-10-23,2149601,9.5,10.0,0.0,not matched
14465,ToYou,tdd39,2025-10-23,2149602,0.48,0.5,0.0,matched
14465,ToYou,tdd40,2025-10-23,2149605,0.48,0.5,0.0,matched
14465,ToYou,sd166,2025-10-23,2149610,9.5,10.0,0.0,matched
14465,ToYou,tdd39,2025-10-23,2149611,0.48,0.5,0.0,matched
14465,ToYou,tdd40,2025-10-23,2149615,0.48,0.5,0.0,matched
14465,ToYou,gy96,2025-10-23,2149643,0.48,0.5,0.0,not matched
14465,ToYou,tdd39,2025-10-24,2151128,0.48,0.5,0.0,matched
14465,ToYou,tdd40,2025-10-24,2151134,0.48,0.5,0.0,matched
14465,ToYou,gy96,2025-10-24,2151145,9.5,10.0,0.0,matched
14465,ToYou,tdd39,2025-10-24,2151155,0.48,0.5,0.0,matched
14465,ToYou,tdd40,2025-10-24,2151162,0.48,0.5,0.0,matched
14465,ToYou,tdd40,2025-10-25,2152580,0.48,0.5,0.0,matched
14465,ToYou,gy96,2025-10-25,2152582,9.5,10.0,0.0,matched
14465,ToYou,tdd39,2025-10-25,2152595,9.5,10.0,0.0,not matched
14465,ToYou,tdd39,2025-10-25,2152604,9.5,10.0,0.0,not matched
14465,ToYou,gy96,2025-10-25,2152608,9.5,10.0,0.0,matched
14465,ToYou,tdd39,2025-10-25,2152610,0.48,0.5,0.0,matched
14465,Trendyol ,rew,2025-10-01,2107184,192.52,209.27,272.04,matched
14465,Trendyol ,rew,2025-10-02,2107120,77.85,84.62,110.0,matched
14465,Trendyol ,rew,2025-10-03,2108796,66.44,72.22,93.88,matched
14465,Trendyol ,rew,2025-10-04,2111991,89.22,96.98,126.07,matched
14465,Trendyol ,rew,2025-10-05,2116014,109.6,119.13,154.87,matched
14465,Trendyol ,rew,2025-10-06,2118919,117.98,128.24,166.72,matched
14465,Trendyol ,rew,2025-10-07,2123244,56.31,61.21,79.57,matched
14465,Trendyol ,rew,2025-10-08,2123207,19.07,20.73,26.95,matched
14465,Trendyol ,rew,2025-10-09,2125487,27.48,29.87,38.83,matched
14465,Trendyol ,rew,2025-10-10,2127250,30.2,32.82,42.67,matched
14465,Trendyol ,rew,2025-10-11,2130407,54.45,59.18,76.94,matched
14465,Trendyol ,rew,2025-10-12,2130344,62.72,68.17,88.63,matched
14465,Trendyol ,rew,2025-10-13,2132462,61.84,67.22,87.39,matched
14465,Trendyol ,rew,2025-10-14,2134371,89.89,97.71,127.02,matched
14465,Trendyol ,rew,2025-10-15,2137052,51.29,55.75,72.47,matched
14465,Trendyol ,rew,2025-10-16,2137731,31.5,34.24,44.51,matched
14465,Trendyol ,rew,2025-10-17,2141592,37.63,40.9,53.18,matched
14465,Trendyol ,rew,2025-10-18,2141570,47.07,51.17,66.52,matched
14465,Trendyol ,rew,2025-10-19,2144040,37.87,41.16,53.51,matched
14465,Trendyol ,rew,2025-10-20,2145981,21.22,23.06,29.98,matched
14465,Trendyol ,rew,2025-10-21,2147345,96.16,104.52,135.87,matched
14465,Trendyol ,rew,2025-10-22,2148858,70.17,76.27,99.15,matched
14465,Trendyol ,rew,2025-10-23,2150286,42.93,46.66,60.66,matched
14465,Trendyol ,rew,2025-10-24,2153330,92.48,100.52,130.68,matched
14465,Victoria Secret,vmsu,2025-10-15,2134422,4.5,5.0,83.36,matched
14465,Victoria Secret,vmsu,2025-10-17,2138042,4.5,5.0,57.31,matched
14465,Victoria Secret,vmsu,2025-10-18,2140310,4.5,5.0,83.36,matched
14465,Victoria Secret,vmsu,2025-10-25,2151798,4.5,5.0,48.97,matched
14465,VogaCloset,tnmw,2025-10-01,2104388,1.74,1.93,38.57,matched
14465,VogaCloset,tnmw,2025-10-02,2106139,17.61,19.56,97.82,matched
14465,VogaCloset,tnmw,2025-10-02,2106163,5.7,6.33,126.63,matched
14465,VogaCloset,tnmw,2025-10-02,2106164,5.7,6.33,126.63,matched
14465,VogaCloset,tnmw,2025-10-02,2106165,5.7,6.33,126.63,matched
14465,VogaCloset,tnmw,2025-10-02,2106166,5.7,6.33,126.63,matched
14465,VogaCloset,tnmw,2025-10-03,2107821,10.03,11.15,222.94,matched
14465,VogaCloset,tnmw,2025-10-04,2109371,4.6,5.11,102.18,matched
14465,VogaCloset,tnmw,2025-10-04,2109372,4.6,5.11,102.18,matched
14465,VogaCloset,tnmw,2025-10-04,2109373,4.6,5.11,102.18,matched
14465,VogaCloset,tnmw,2025-10-05,2115273,3.21,3.56,71.28,matched
14465,VogaCloset,tnmw,2025-10-07,2123067,3.43,3.81,76.11,matched
14465,VogaCloset,tnmw,2025-10-07,2123068,3.43,3.81,76.11,matched
14465,VogaCloset,tnmw,2025-10-08,2120899,4.32,4.8,95.98,matched
14465,VogaCloset,tnmw,2025-10-09,2123752,4.03,4.48,89.65,matched
14465,VogaCloset,tnmw,2025-10-10,2126122,17.49,19.43,97.16,matched
14465,VogaCloset,tnmw,2025-10-11,2127797,5.22,5.8,116.09,matched
14465,VogaCloset,tnmw,2025-10-12,2129319,4.77,5.3,105.94,matched
14465,VogaCloset,tnmw,2025-10-14,2133020,3.37,3.75,74.9,matched
14465,VogaCloset,tnmw,2025-10-14,2133021,3.37,3.75,74.9,matched
14465,VogaCloset,tnmw,2025-10-14,2133022,3.37,3.75,74.9,matched
14465,VogaCloset,tnmw,2025-10-15,2134900,56.18,62.42,1248.38,matched
14465,VogaCloset,tnmw,2025-10-17,2138773,4.83,5.37,26.86,matched
14465,VogaCloset,tnmw,2025-10-17,2138805,4.72,5.25,104.91,matched
14465,VogaCloset,tnmw,2025-10-18,2140812,3.5,3.89,77.82,matched
14465,VogaCloset,tnmw,2025-10-19,2142839,5.59,6.21,124.13,matched
14465,VogaCloset,tnmw,2025-10-19,2142840,5.59,6.21,124.13,matched
14465,VogaCloset,tnmw,2025-10-20,2144586,10.71,11.9,238.02,matched
14465,VogaCloset,tnmw,2025-10-20,2144587,10.71,11.9,238.02,matched
14465,VogaCloset,tnmw,2025-10-22,2147870,8.31,9.23,46.14,matched
14465,VogaCloset,tnmw,2025-10-22,2147897,2.08,2.31,46.14,matched
14465,VogaCloset,tnmw,2025-10-23,2149313,5.52,6.13,122.67,matched
14465,VogaCloset,tnmw,2025-10-24,2150810,9.31,10.35,206.91,matched
14465,VogaCloset,tnmw,2025-10-24,2150811,9.31,10.35,206.91,matched
14465,WestELM,vax5,2025-10-03,2116156,8.75,9.73,97.27,matched
14465,Whites,wala2025,2025-10-13,2131137,1.45,1.94,19.37,matched
14465,Whites,wala2025,2025-10-16,2138831,20.62,27.49,274.94,matched
14465,Whites,wala2025,2025-10-17,2138822,3.8,5.06,50.63,matched
14465,Whites,wala2025,2025-10-18,2140814,1.99,2.65,26.47,matched
14465,Whites,wala2025,2025-10-18,2140817,1.98,2.64,26.42,matched
14465,Whites,wala2025,2025-10-18,2140818,5.22,6.96,69.61,matched
14465,Whites,wala2025,2025-10-18,2140821,2.05,2.73,27.31,matched
14465,Whites,wala2025,2025-10-18,2140823,1.31,1.74,17.44,matched
14465,Whites,wala2025,2025-10-19,2142861,1.0,1.33,13.31,matched
14465,Whites,wala2025,2025-10-22,2147905,1.45,1.93,19.3,matched
14465,Whites,wala2025,2025-10-23,2149350,10.64,14.19,141.87,matched
14465,Whites,wala2025,2025-10-23,2149352,1.63,2.17,21.68,matched
14465,Whites,wala2025,2025-10-24,2150850,11.58,15.44,154.4,matched
14465,Whites,wala2025,2025-10-24,2150851,2.08,2.78,27.79,matched
14465,Whites,wala2025,2025-10-25,2152312,1.87,2.49,24.94,matched
14465,Whites,wala2025,2025-10-25,2152318,1.31,1.75,17.48,matched
14465,Whites,wala2025,2025-10-25,2152319,3.31,4.41,44.08,matched
14465,Whites,wala2025,2025-10-25,2152321,6.54,8.72,87.23,matched
