"Period","Coupon Code","Number of Uses","Sales Total Amount (USD)","Delivered Orders","Delivered Orders Revenue (USD)","Delivered First Orders","Delivered First Orders Revenue (USD)","Delivered Retention Orders","Delivered Retention Orders Revenue (USD)"
"27 Aug 2025","535e","1","101.56","0","0.00","0","0.00","0","0.00"
"27 Aug 2025","fxn","1","23.43","0","0.00","0","0.00","0","0.00"
"26 Aug 2025","fxn","6","514.77","0","0.00","0","0.00","0","0.00"
"26 Aug 2025","ost","1","51.00","0","0.00","0","0.00","0","0.00"
"26 Aug 2025","zd2","1","30.52","0","0.00","0","0.00","0","0.00"
