"Period","Coupon Code","Number of Uses","Sales Total Amount (USD)","Delivered Orders","Delivered Orders Revenue (USD)","Delivered First Orders","Delivered First Orders Revenue (USD)","Delivered Retention Orders","Delivered Retention Orders Revenue (USD)"
"17 Sep 2025","ck","2","327.61","0","0.00","0","0.00","0","0.00"
"17 Sep 2025","tnmw","2","256.90","0","0.00","0","0.00","0","0.00"
"17 Sep 2025","cnl","1","67.36","0","0.00","0","0.00","0","0.00"
"17 Sep 2025","fxn","1","177.06","0","0.00","0","0.00","0","0.00"
"17 Sep 2025","qqq","1","87.29","0","0.00","0","0.00","0","0.00"
