"Period","Coupon Code","Number of Uses","Sales Total Amount (USD)","Delivered Orders","Delivered Orders Revenue (USD)","Delivered First Orders","Delivered First Orders Revenue (USD)","Delivered Retention Orders","Delivered Retention Orders Revenue (USD)"
"22 Sep 2025","fxn","8","1109.46","0","0.00","0","0.00","0","0.00"
"22 Sep 2025","ost","2","192.11","0","0.00","0","0.00","0","0.00"
"22 Sep 2025","df5","2","150.87","0","0.00","0","0.00","0","0.00"
"22 Sep 2025","urpay1","1","84.83","0","0.00","0","0.00","0","0.00"
"22 Sep 2025","fuj","1","78.36","0","0.00","0","0.00","0","0.00"
"22 Sep 2025","dd44","1","93.13","0","0.00","0","0.00","0","0.00"
"22 Sep 2025","cr5","1","40.38","0","0.00","0","0.00","0","0.00"
